Lot,Lot Description,Subcategory,MFG number
0400WH,400 - White Uniforms Jackets,4650,400
0401WH,401P - White Food Service,4317,401P
0402WH,402 - White Uniforms Jackets,4650,402
0403WH,403 - White Uniforms Jackets,4650,403
0404WH,404 - White Uniforms Jackets,4650,404
0406WH,406 - White Outerwear,4575,406
0411WH,411 - White Uniforms Jackets,4650,411
0413WH,413 - White Uniforms Jackets,4650,413
0414WH,414 - White Uniforms Jackets,4650,414
0415WH,415 - White Uniforms Jackets,4650,415
0416WH,416 - White Outerwear,4575,416
0420WH,420 - White Uniforms Jackets,4650,420
0421WH,421 - White Uniforms Jackets,4650,421
0423WH,423 - White Uniforms Jackets,4650,423
0425BK,425 - Black Uniforms Jackets,4650,425
0427BK,427 - Black Uniforms Jackets,4650,427
0440WH,440 - White Uniforms Jackets,4650,440
1360BK,1360 - Black Uniforms Tops,4640,1360
1360NV,1360 - Navy Uniforms Tops,4640,1360
1360RB,1360 - Royal Blue Uniforms Tops,4640,1360
1360RD,1360 - Red Uniforms Tops,4640,1360
1430BK,1430 - Black Accessories,4670,1430
1430DR,1430 - Dark Red Accessories,4670,1430
1430HG,1430 - Hunter Green Accessories,4670,1430
1430NV,1430 - Navy Accessories,4670,1430
1430RB,1430 - Royal Blue Accessories,4670,1430
1430RD,1430 - Red Accessories,4670,1430
1430WH,1430 - White Accessories,4670,1430
1K00BU,1K00BU - Burgundy/Black Woven Shirts,4555,1K00BU
1K00PT,1K00PT - Putty/Navy Woven Shirts,4555,1K00PT
1K00ST,1K00ST - Storm/Black Woven Shirts,4555,1K00ST
1P60BK,1P60 - Black Woven Shirts,4555,1P60
1P60NV,1P60 - Navy Woven Shirts,4555,1P60
1S00BK,1S00 - Black Woven Shirts,4555,1S00
1S00BU,1S00 - Burgundy Woven Shirts,4555,1S00
1S00HU,1S00 - Hunter Woven Shirts,4555,1S00
1S00NV,1S00 - Navy Woven Shirts,4555,1S00
1S00TN,1S00 - Tan Woven Shirts,4555,1S00
1T11BK,1T11 - Black Industrial,4315,1T11
1T11BU,1T11 - Burgundy Industrial,4315,1T11
1T11EM,1T11 - Emerald Industrial,4315,1T11
1T11KH,1T11 - Khaki Industrial,4315,1T11
1T11NV,1T11 - Navy Industrial,4315,1T11
1T11RB,1T11 - Royal Blue Industrial,4315,1T11
1T11RD,1T11 - Red Industrial,4315,1T11
1T11ST,1T11P - Stone Industrial,4315,1T11P
1T11WH,1T11 - White Industrial,4315,1T11
1T21BK,1T21 - Black Industrial,4315,1T21
1T21BU,1T21 - Burgundy Industrial,4315,1T21
1T21EM,1T21 - Emerald Industrial,4315,1T21
1T21KH,1T21 - Khaki Industrial,4315,1T21
1T21NV,1T21 - Navy Industrial,4315,1T21
1T21RB,1T21 - Royal Blue Industrial,4315,1T21
1T21RD,1T21 - Red Industrial,4315,1T21
1T21ST,1T21 - Stone Industrial,4315,1T21
1T21WH,1T21P - White Industrial,4315,1T21P
2020BK,2020 - Black Uniforms Bottoms,4620,2020
2020BW,2020 - Black/white Check Uniforms Bottoms,4620,2020
2020WH,2020 - White Uniforms Bottoms,4620,2020
2030BW,2030 - Black/White Check Uniforms Bottoms,4620,2030
4004WH,4004 - White Outerwear,4575,4004
4006WH,4006 - White Outerwear,4575,4006
4010WH,4010 - White Outerwear,4575,4010
4016WH,4016 - White Outerwear,4575,4016
4020WH,4020 - White Uniforms Jackets,4650,4020
5010WH,5010 - White Uniforms Tops,4640,5010
5020BK,5020 - Black Uniforms Tops,4640,5020
5020WH,5020 - White Uniforms Tops,4640,5020
5025WH,5025 - White Uniforms Tops,4640,5025
5028WH,5028 - White Uniforms Tops,4640,5028
5035BK,5035 - Black Uniforms Tops,4640,5035
5035WH,5035 - White Uniforms Tops,4640,5035
5050WH,5050 - White Uniforms Tops,4640,5050
5080LB,5080 - Light Blue Outerwear,4575,5080
5080WH,5080 - White Outerwear,4575,5080
5090WH,5090 - White Outerwear,4575,5090
5210WH,5210 - White Medical,4310,5210
5360BK,5360 - Black Uniforms Bottoms,4620,5360
5360BW,5360 - Black/White Check Uniforms Bottoms,4620,5360
5700WH,5700 - White Outerwear,4575,5700
9K03BU,9K03P - Burgundy Hospitality,4318,9K03P
9K03PT,9K03P - Putty Hospitality,4318,9K03P
9K03ST,9K03P - Storm Hospitality,4318,9K03P
9P01BK,9P01P - Black Hospitality,4318,9P01P
9P01BU,9P01P - Burgundy Hospitality,4318,9P01P
9P01EM,9P01P - Emerald Hospitality,4318,9P01P
9P01NV,9P01 - Navy Hospitality,4318,9P01
9S01BK,9S01P - Black Hospitality,4318,9S01P
9S01BU,9S01P - Burgundy Hospitality,4318,9S01P
9S01HU,9S01 - Hunter Green Hospitality,4318,9S01
9S01NV,9S01 - Navy Hospitality,4318,9S01
9S01TN,9S01P - Tan Hospitality,4318,9S01P
9S03BK,9S03P - Black Hospitality,4318,9S03P
9S03BU,9S03 - Burgundy Hospitality,4318,9S03
9S03HU,9S03 - Hunter Green Hospitality,4318,9S03
9S03NV,9S03P - Navy Hospitality,4318,9S03P
9S03TN,9S03P - Tan Hospitality,4318,9S03P
9S05BK,9S05 - Black Hospitality,4318,9S05
9S05HU,9S05 - Hunter Green Hospitality,4318,9S05
9S05NV,9S05P - Navy Hospitality,4318,9S05P
AB12BK,AB12BK - Black Accessories,4598,AB12BK
AB14BK,AB14BK - Black Accessories,4598,AB14BK
BD10DN,BD10 - Denim Bibs & Overalls,4530,BD10
BD10ED,BD10 - Denim With Yellow/Silver Visibility Trim Bibs & Overalls,4530,BD10
BD30BD,BD30 - Brown Duck Bibs & Overalls,4530,BD30
BD30ND,BD30 - Navy Duck Bibs & Overalls,4530,BD30
BLC8NV,BLC8NV LN XXL - Navy Flame Resistant Bottoms,4540,BLC8NV LN XXL
BLC8RB,BLC8RB RG XL - Royal Blue Flame Resistant Bottoms,4540,BLC8RB RG XL
BLF8BD,BLF8BD LN XXL - Brown Duck Flame Resistant Bottoms,4540,BLF8BD LN XXL
BLF8NV,BLF8NV LN XXL - Navy Duck Flame Resistant Bottoms,4540,BLF8NV LN XXL
BLN4BD,BLN4BD RG M - Brown Duck Flame Resistant Bottoms,4540,BLN4BD RG M
BNF8RB,BNF8RB RG XXL - Royal Blue Flame Resistant Bottoms,4540,BNF8RB RG XXL
BNN2NV,BNN2NV LN XXL - Navy Flame Resistant Bottoms,4540,BNN2NV LN XXL
BXN4YE,BXN4YE RG S - Yellow/Green Flame Resistant Bottoms,4540,BXN4YE RG S
CC14HB,CC14 - Herringbone Coveralls,4525,CC14
CC14NV,CC14 - Navy Coveralls,4525,CC14
CC14OR,CC14 - Orange Coveralls,4525,CC14
CC14PB,CC14 - Postman Blue Coveralls,4525,CC14
CC14WH,CC14 - Bleached White Coveralls,4525,CC14
CC16HB,CC16 - Fisher Herringbone Coveralls,4525,CC16
CC16NV,CC16 - Navy Coveralls,4525,CC16
CC16PB,CC16 - Postman Blue Coveralls,4525,CC16
CC16WH,CC16 - White Coveralls,4525,CC16
CC18GY,CC18GY - Grey Coveralls,4525,CC18GY
CC18NV,CC18NV - Navy Coveralls,4525,CC18NV
CC18RD,CC18RD - Red Coveralls,4525,CC18RD
CD32BD,CD32 - Brown Duck Coveralls,4525,CD32
CD32ND,CD32 - Navy Duck Coveralls,4525,CD32
CEB2GY,CEB2GY RG 54 - Medium Grey Flame Resistant Bottoms,4540,CEB2GY RG 54
CEB2NV,CEB2NV RG 50 - Navy Flame Resistant Bottoms,4540,CEB2NV RG 50
CEB2RD,CEB2RD RG 52 - Red Flame Resistant Bottoms,4540,CEB2RD RG 52
CEC2KH,CEC2KH RG 58 - Khaki Flame Resistant Bottoms,4540,CEC2KH RG 58
CEC2NV,CEC2NV RG 60 - Navy Flame Resistant Bottoms,4540,CEC2NV RG 60
CEC2OR,CEC2OR RG 52 - Orange Flame Resistant Bottoms,4540,CEC2OR RG 52
CEC2RB,CEC2RB LN 50 - Royal Blue Flame Resistant Bottoms,4540,CEC2RB LN 50
CED2KH,CED2KH RG 58 - Khaki Flame Resistant Bottoms,4540,CED2KH RG 58
CED2NV,CED2NV RG 60 - Navy Flame Resistant Bottoms,4540,CED2NV RG 60
CED2OR,CED2OR LN 56 - Orange Flame Resistant Bottoms,4540,CED2OR LN 56
CED2RB,CED2RB RG 64 - Royal Blue Flame Resistant Bottoms,4540,CED2RB RG 64
CEH2NV,CEH2NV LN XXL - Navy Flame Resistant Bottoms,4540,CEH2NV LN XXL
CEW2VG,CEW2VG RG XXL - Visual Green Flame Resistant Bottoms,4540,CEW2VG RG XXL
CK44NV,CK44 - Navy Coveralls,4525,CK44
CLB2KH,CLB2KH RG 46 - Khaki Flame Resistant Bottoms,4540,CLB2KH RG 46
CLB2NV,CLB2NV RG 56 - Navy Flame Resistant Bottoms,4540,CLB2NV RG 56
CLB2RB,CLB2RB RG 52 - Royal Blue Flame Resistant Bottoms,4540,CLB2RB RG 52
CLB6KH,CLB6KH RG 50 - Khaki Flame Resistant Bottoms,4540,CLB6KH RG 50
CLB6NV,CLB6NV RG 58 - Navy Flame Resistant Bottoms,4540,CLB6NV RG 58
CLBTRB,CLBTRB RG 58 - Royal Blue Flame Resistant Bottoms,4540,CLBTRB RG 58
CLC8NV,CLC8NV LN XL - Navy Flame Resistant Bottoms,4540,CLC8NV LN XL
CLD4GY,CLD4GY RG 38 - Grey Flame Resistant Bottoms,4540,CLD4GY RG 38
CLD4KH,CLD4KH RG 58 - Khaki Flame Resistant Bottoms,4540,CLD4KH RG 58
CLD4NV,CLD4NV RG 36 - Navy Flame Resistant Bottoms,4540,CLD4NV RG 36
CLD4RB,CLD4RB RG 52 - Royal Blue Flame Resistant Bottoms,4540,CLD4RB RG 52
CLD4RD,CLD4RD RG 58 - Red Flame Resistant Bottoms,4540,CLD4RD RG 58
CMD4GY,CMD4GY RG 58 - Grey Flame Resistant Bottoms,4540,CMD4GY RG 58
CMD4KH,CMD4KH RG 58 - Khaki Flame Resistant Bottoms,4540,CMD4KH RG 58
CMD4NV,CMD4NV RG 56 - Navy Flame Resistant Bottoms,4540,CMD4NV RG 56
CMD6KH,CMD6KH LN 58 - Khaki Flame Resistant Bottoms,4540,CMD6KH LN 58
CMD6NV,CMD6NV LN 52 - Navy Flame Resistant Bottoms,4540,CMD6NV LN 52
CNB2NV,CNB2NV LN 44 - Navy Flame Resistant Bottoms,4540,CNB2NV LN 44
CNB2RB,CNB2RB RG 44 - Royal Blue Flame Resistant Bottoms,4540,CNB2RB RG 44
CNB2TN,CNB2TN RG 46 - Tan Flame Resistant Bottoms,4540,CNB2TN RG 46
CNB3NV,CNB3NV RG S - Navy Flame Resistant Bottoms,4540,CNB3NV RG S
CNB6NV,CNB6NV LN 58 - Navy Flame Resistant Bottoms,4540,CNB6NV LN 58
CNB6RB,CNB6RB LN 52 - Royal Blue Flame Resistant Bottoms,4540,CNB6RB LN 52
CNBTRB,CNBTRB LN 58 - Royal Blue Flame Resistant Bottoms,4540,CNBTRB LN 58
CNC2NV,CNC2NV LN 52 - Navy Flame Resistant Bottoms,4540,CNC2NV LN 52
CNC2TN,CNC2TN LN 56 - Tan Flame Resistant Bottoms,4540,CNC2TN LN 56
CNN2NV,CNN2NV RG XXL - Navy Flame Resistant Bottoms,4540,CNN2NV RG XXL
CP30NV,CP30 - Navy Coveralls,4525,CP30
CP40MB,CP40 - Medium Blue Coveralls,4525,CP40
CP40NV,CP40 - Navy Coveralls,4525,CP40
CP40WH,CP40 - White Coveralls,4525,CP40
CT10BK,CT10 - Black Coveralls,4525,CT10
CT10BN,CT10 - Brown Coveralls,4525,CT10
CT10CH,CT10 - Charcoal Coveralls,4525,CT10
CT10EB,CT10 - Electric Blue Coveralls,4525,CT10
CT10EN,CT10 - Navy With Yellow/Green Visibility Trim Coveralls,4525,CT10
CT10NV,CT10 - Navy Coveralls,4525,CT10
CT10OR,CT10 - Orange Coveralls,4525,CT10
CT10PB,CT10 - Postman Blue Coveralls,4525,CT10
CT10SG,CT10 - Spruce Green Coveralls,4525,CT10
CT10WH,CT10 - White Coveralls,4525,CT10
CT16WH,CT16 - White Coveralls,4525,CT16
CT30NV,CT30 - Navy Coveralls,4525,CT30
DP23LB,DP23 - Light Blue Hospitality,4318,DP23
DP23WH,DP23P - White Hospitality,4318,DP23P
DP29WH,DP29 - White Hospitality,4318,DP29
HB20BK,HB20 - Black Accessories,4598,HB20
HB20NV,HB20 - Navy Accessories,4598,HB20
HB20RD,HB20 - Red Accessories,4598,HB20
HD20BD,HD20 - Brown Duck Accessories,4598,HD20
HD20ND,HD20 - Navy Duck Accessories,4598,HD20
HLB6LD,HLB6LD RG M - Light Denim Flame Resistant Bottoms,4540,HLB6LD RG M
HLH2BD,HLH2BD RG M - Brown Duck Flame Resistant Tops,4570,HLH2BD RG M
HLH2NV,HLH2NV RG M - Navy Flame Resistant Tops,4570,HLH2NV RG M
HLH2RB,HLH2RB RG M - Royal Blue Flame Resistant Tops,4570,HLH2RB RG M
HMB2NV,HMB2NV RG M - Navy Flame Resistant Tops,4570,HMB2NV RG M
HMC2BK,HMC2BK RG M - Black Flame Resistant Tops,4570,HMC2BK RG M
HMC4NV,HMC4NV RG M - Navy Flame Resistant Outerwear,4597,HMC4NV RG M
HNB2NA,HNB2NA RG M - Natural Flame Resistant Tops,4570,HNB2NA RG M
HNH2NV,HNH2NV RG M - Navy Flame Resistant Tops,4570,HNH2NV RG M
HNH2RB,HNH2RB RG M - Royal Blue Flame Resistant Tops,4570,HNH2RB RG M
HNL2NV,HNL2NV RG M - Navy Flame Resistant Outerwear,4597,HNL2NV RG M
HNM2NV,HNM2NV RG M - Navy Flame Resistant Outerwear,4597,HNM2NV RG M
HP60BB,HP60 - White With Black Band Accessories,4670,HP60
HP60BK,HP60 - Black Accessories,4670,HP60
HP60RD,HP60 - Red Accessories,4670,HP60
HP60WH,HP60 - White Accessories,4670,HP60
HP70BK,HP70 - Black Accessories,4670,HP70
HP70WH,HP70 - White Accessories,4670,HP70
JD20BD,JD20 - Brown Duck Outerwear,4575,JD20
JD20ND,JD20 - Navy Duck Outerwear,4575,JD20
JD24BD,JD24 - Brown Duck Outerwear,4575,JD24
JD24ND,JD24 - Navy Duck Outerwear,4575,JD24
JET2NV,JET2NV RG XL - Navy Flame Resistant Outerwear,4597,JET2NV RG XL
JEW2NV,JEW2NV LN XXL - Navy Flame Resistant Outerwear,4597,JEW2NV LN XXL
JLB8BD,JLB8BD LN XXL - Brown Duck Flame Resistant Outerwear,4597,JLB8BD LN XXL
JLC4BD,JLC4BD LN XXL - Brown Duck Flame Resistant Outerwear,4597,JLC4BD LN XXL
JLF6BK,JLF6BK RG XL - Black Flame Resistant Outerwear,4597,JLF6BK RG XL
JLH4BD,JLH4BD RG S - Brown Duck Flame Resistant Outerwear,4597,JLH4BD RG S
JLJ8NV,JLJ8NV RG S - Navy Flame Resistant Outerwear,4597,JLJ8NV RG S
JLP8NV,JLP8NV LN XXL - Navy Flame Resistant Outerwear,4597,JLP8NV LN XXL
JLPCNV,JLPCNV RG M - Navy Flame Resistant Outerwear,4597,JLPCNV RG M
JLR8NV,JLR8NV LN XXL - Navy Flame Resistant Outerwear,4597,JLR8NV LN XXL
JN10NV,JN10 - Navy Outerwear,4575,JN10
JNJ8NV,JNJ8NV RG 3XL - Navy Flame Resistant Outerwear,4597,JNJ8NV RG 3XL
JNP2NV,JNP2NV LN XXL - Navy Flame Resistant Outerwear,4597,JNP2NV LN XXL
JNT2NV,JNT2NV RG XXL - Navy Flame Resistant Outerwear,4597,JNT2NV RG XXL
JP66BK,JP66 - Black Outerwear,4575,JP66
JP66NV,JP66 - Navy Outerwear,4575,JP66
JP70BK,JP70 - Black Outerwear,4575,JP70
JP70NV,JP70 - Navy Outerwear,4575,JP70
JT22BK,JT22 - Black Outerwear,4575,JT22
JT22BN,JT22 - Brown Outerwear,4575,JT22
JT22CH,JT22 - Charcoal Outerwear,4575,JT22
JT22NV,JT22 - Navy Outerwear,4575,JT22
JT22SG,JT22 - Spruce Green Outerwear,4575,JT22
JT36NV,JT36 - Navy Outerwear,4575,JT36
JT38BK,JT38 - Black Outerwear,4575,JT38
JT38CH,JT38 - Charcoal Outerwear,4575,JT38
JT38NV,JT38 - Navy Outerwear,4575,JT38
JT38SG,JT38 - Spruce Green Outerwear,4575,JT38
JT40BC,JT40 - Black/Charcoal Outerwear,4575,JT40
JT50BK,JT50 - Black Outerwear,4575,JT50
JT50BN,JT50 - Brown Outerwear,4575,JT50
JT50CH,JT50 - Charcoal Outerwear,4575,JT50
JT50EN,JT50 - Navy With Yellow/Green Visibility Trim Outerwear,4575,JT50
JT50NV,JT50 - Navy Outerwear,4575,JT50
JT50SG,JT50 - Spruce Green Outerwear,4575,JT50
JXN4YE,JXN4YE RG XL - Yellow/Green Flame Resistant Outerwear,4597,JXN4YE RG XL
JY32HV,JY32 - Fluorescent Yellow/Green High Visibility Outerwear,4596,JY32
KC82WH,KC82 - White Uniforms Jackets,4650,KC82
KDE4SB,KDE4SB RG M - Sky Blue Flame Resistant Bottoms,4540,KDE4SB RG M
KEE2SB,KEE2SB RG XXL - Sky Blue Flame Resistant Bottoms,4540,KEE2SB RG XXL
KEL2LB,KEL2LB RG XXL - Light Blue Flame Resistant Outerwear,4597,KEL2LB RG XXL
KEW2VG,KEW2VG RG S - Visual Green Green Flame Resistant Outerwear,4597,KEW2VG RG S
KK26BL,KK26 - Electronic Blue Outerwear,4575,KK26
KK26WH,KK26 - White Outerwear,4575,KK26
KK28BL,KK28 - Electronic Blue Outerwear,4575,KK28
KK28WH,KK28 - White Outerwear,4575,KK28
KNL2RB,KNL2RB RG XXL - Royal Blue Flame Resistant Outerwear,4597,KNL2RB RG XXL
KP10LB,KP10 - Light Blue Outerwear,4575,KP10
KP10NV,KP10 - Navy Outerwear,4575,KP10
KP10RB,KP10 - Royal Blue Outerwear,4575,KP10
KP10RD,KP10RD - Red Outerwear,4575,KP10RD
KP10WH,KP10 - White Outerwear,4575,KP10
KP11WH,KP11 - White Medical,4310,KP11
KP13LB,KP13P - Light Blue Medical,4310,KP13P
KP13NV,KP13P - Navy Medical,4310,KP13P
KP13WH,KP13P - White Medical,4310,KP13P
KP14GY,KP14 - Light Grey Outerwear,4575,KP14
KP14LB,KP14 - Light Blue Outerwear,4575,KP14
KP14NV,KP14 - Navy Outerwear,4575,KP14
KP14WH,KP14 - White Outerwear,4575,KP14
KP16WH,KP16 - White Outerwear,4575,KP16
KP17WH,KP17 - White Medical,4310,KP17
KP18LB,KP18 - Light Blue Outerwear,4575,KP18
KP18WH,KP18 - White Outerwear,4575,KP18
KP38WH,KP38 - White Outerwear,4575,KP38
KP43NV,KP43P - Navy Hospitality,4318,KP43P
KP43WH,KP43P - White Hospitality,4318,KP43P
KP44NV,KP44 - Navy Outerwear,4575,KP44
KP44WH,KP44 - White Outerwear,4575,KP44
KP70WH,KP70 - White Outerwear,4575,KP70
KP72WH,KP72 - White Outerwear,4575,KP72
KS58WH,KS58 - White Outerwear,4575,KS58
KS60WH,KS60 - White Outerwear,4575,KS60
KS62WH,KS62 - White Outerwear,4575,KS62
KS64WH,KS64 - White Outerwear,4575,KS64
KT18WH,KT18 - White Outerwear,4575,KT18
KT30CH,KT30 - Charcoal Outerwear,4575,KT30
KT30NV,KT30 - Navy Outerwear,4575,KT30
KT30PB,KT30 - Postman Blue Outerwear,4575,KT30
KT33WH,KT33 - White Medical,4310,KT33
KT34WH,KT34 - White Outerwear,4575,KT34
KT50WH,KT50 - White Outerwear,4575,KT50
KT74BT,KT74 - White With Black Trim Uniforms Jackets,4650,KT74
KT76BK,KT76 - Black Uniforms Jackets,4650,KT76
KT80WH,KT80 - White Uniforms Jackets,4650,KT80
KV30WH,KV30 - White Uniforms Jackets,4650,KV30
LLS2BD,LLS2BD RG S - Brown Duck Flame Resistant Outerwear,4597,LLS2BD RG S
LML2GY,LML2GY RG 3XL - Grey Flame Resistant Outerwear,4597,LML2GY RG 3XL
LML6NV,LML6NV RG XL - Navy Flame Resistant Outerwear,4597,LML6NV RG XL
LMS6NV,LMS6NV RG 3XL - Navy Flame Resistant Outerwear,4597,LMS6NV RG 3XL
LN30BK,LN30 - Black Outerwear,4575,LN30
LNL2NV,LNL2NV LN M - Navy Flame Resistant Outerwear,4597,LNL2NV LN M
LNS2NV,LNS2NV LN XXL - Navy Flame Resistant Outerwear,4597,LNS2NV LN XXL
MPU4GY,MPU4GY SS XL - Grey Flame Resistant Tops,4570,MPU4GY SS XL
MPU8GY,MPU8GY RG 5XL - Grey Flame Resistant Tops,4570,MPU8GY RG 5XL
NP12RB,NP12 - Royal Blue Accessories,4670,NP12
NP12RD,NP12 - Red Accessories,4670,NP12
NP12WH,NP12 - White Accessories,4670,NP12
PC20BN,PC20 - Brown Pants,4510,PC20
PC20CH,PC20 - Charcoal Pants,4510,PC20
PC20DN,PC20 - Dark Navy Pants,4510,PC20
PC20EN,PC20ENBT - Enhanced Visibility Dark Navy Pants,4510,PC20ENBT
PC20GG,PC20 - Graphite Grey Pants,4510,PC20
PC20KH,PC20 - Khaki Pants,4510,PC20
PC20NV,PC20 - Navy Pants,4510,PC20
PC20SG,PC20 - Spruce Green Pants,4510,PC20
PC44BK,PC44 - Black Pants,4510,PC44
PC44KH,PC44 - Khaki Pants,4510,PC44
PC44NV,PC44 - Navy Pants,4510,PC44
PC45BK,PC45 - Black Industrial,4315,PC45
PC45KH,PC45 - Khaki Industrial,4315,PC45
PC45NV,PC45 - Navy Industrial,4315,PC45
PC46BK,PC46 - Black Pants,4510,PC46
PC46KH,PC46 - Khaki Pants,4510,PC46
PC46NV,PC46 - Navy Pants,4510,PC46
PC54BK,PC54 - Black Uniforms Bottoms,4620,PC54
PC54WB,PC54 - White/Black Check Uniforms Bottoms,4620,PC54
PC76KH,PC76 - Khaki Pants,4510,PC76
PC76NV,PC76 - Navy Pants,4510,PC76
PC80WH,PC80 - White Pants,4510,PC80
PC86KH,PC86 - Khaki Shorts,4520,PC86
PC86NV,PC86 - Navy Shorts,4520,PC86
PD30BD,PD30 - Brown Duck Jeans,4515,PD30
PD30ND,PD30 - Navy Duck Jeans,4515,PD30
PD40PW,PD40 - Indigo Jeans,4515,PD40
PD52DN,PD52 - Rigid Denim Jeans,4515,PD52
PD54PW,PD54 - Prewashed Indigo Jeans,4515,PD54
PD60BW,PD60 - Prewashed Black Jeans,4515,PD60
PD60ED,PD60 - Prewash With Yellow/Green Visibility Trim Jeans,4515,PD60
PD60PW,PD60 - Prewashed Indigo Jeans,4515,PD60
PD60SW,PD60 - Stonewash Jeans,4515,PD60
PD63PW,PD63 - Blue Industrial,4315,PD63
PD80PW,PD80 - Dark Wash Jeans,4515,PD80
PD80SW,PD80 - Stonewash Jeans,4515,PD80
PEJ2DD,PEJ2DD 28 30 - Dark Denim Flame Resistant Bottoms,4540,PEJ2DD 28 30
PEJ2NV,PEJ2NV 50 34 - Navy Flame Resistant Bottoms,4540,PEJ2NV 50 34
PEJ3DW,PEJ3DW 16 32 - Blue Denim Bottoms and Overalls,4320,PEJ3DW 16 32
PEJ4DW,PEJ4DW 48 34 - Blue Denim Flame Resistant Bottoms,4540,PEJ4DW 48 34
PEJ6SW,PEJ6SW 38 34 - Stone-wash Flame Resistant Bottoms,4540,PEJ6SW 38 34
PEJ8DW,PEJ8DW 50 34 - Blue Denim Flame Resistant Bottoms,4540,PEJ8DW 50 34
PEJ8SW,PEJ8SW 50 34 - Stone-wash Flame Resistant Bottoms,4540,PEJ8SW 50 34
PEJMSD,PEJMSD 50 34 - Sanded Denim Flame Resistant Bottoms,4540,PEJMSD 50 34
PEJWSD,PEJWSD 10 30 - Sanded Denim Bottoms and Overalls,4320,PEJWSD 10 30
PEW2CH,PEW2CH 48 34 - Charcoal Flame Resistant Bottoms,4540,PEW2CH 48 34
PEW2KH,PEW2KH 50 34 - Khaki Flame Resistant Bottoms,4540,PEW2KH 50 34
PEW2NV,PEW2NV 30 34 - Navy Flame Resistant Bottoms,4540,PEW2NV 30 34
PEW2VG,PEW2VG 50 34 - Visual Green Flame Resistant Bottoms,4540,PEW2VG 50 34
PLJ8BD,PLJ8BD 50 34 - Brown Duck Flame Resistant Bottoms,4540,PLJ8BD 50 34
PLJ8NV,PLJ8NV 50 34 - Navy Duck Flame Resistant Bottoms,4540,PLJ8NV 50 34
PLJ8OL,PLJ8OL 50 34 - Olive Duck Flame Resistant Bottoms,4540,PLJ8OL 50 34
PLW2NV,PLW2NV 50 34 - Navy Flame Resistant Bottoms,4540,PLW2NV 50 34
PMU2NV,PMU2NV 52 32 - Navy Flame Resistant Bottoms,4540,PMU2NV 52 32
PMW4KH,PMW4KH 50 32 - Khaki Flame Resistant Bottoms,4540,PMW4KH 50 32
PMW4NV,PMW4NV 50 32 - Navy Flame Resistant Bottoms,4540,PMW4NV 50 32
PNJ8RB,PNJ8RB 50 34 - Royal Blue Flame Resistant Bottoms,4540,PNJ8RB 50 34
PNW2NV,PNW2NV 48 30 - Navy Flame Resistant Bottoms,4540,PNW2NV 48 30
PNW2RB,PNW2RB 50 34 - Royal Blue Flame Resistant Bottoms,4540,PNW2RB 50 34
PP73NV,PP73 - Navy Industrial,4315,PP73
PP73WH,PP73 - White Industrial,4315,PP73
PS54BK,PS54 - Black Uniforms Bottoms,4620,PS54
PS54CS,PS54 - Chalk Stripe Uniforms Bottoms,4620,PS54
PS54WB,PS54 - White/Black Check Uniforms Bottoms,4620,PS54
PS56WH,PS56 - White Pants,4510,PS56
PS64WB,PS64 - Black/white Check Uniforms Bottoms,4620,PS64
PT10BK,PT10 - Black Pants,4510,PT10
PT10BN,PT10 - Brown Pants,4510,PT10
PT10CH,PT10 - Charcoal Pants,4510,PT10
PT10GY,PT10 - Grey Pants,4510,PT10
PT10NV,PT10 - Navy Pants,4510,PT10
PT10PB,PT10 - Postman Blue Pants,4510,PT10
PT10RB,PT10 - Royal Blue Pants,4510,PT10
PT10SG,PT10 - Spruce Green Pants,4510,PT10
PT10TN,PT10 - Tan Pants,4510,PT10
PT10WH,PT10 - White Pants,4510,PT10
PT20BK,PT20 - Black Pants,4510,PT20
PT20BN,PT20 - Brown Pants,4510,PT20
PT20CH,PT20 - Charcoal Pants,4510,PT20
PT20EN,PT20 - Navy With Yellow/Green Visibility Trim Pants,4510,PT20
PT20KH,PT20 - Khaki Pants,4510,PT20
PT20NV,PT20 - Navy Pants,4510,PT20
PT20SG,PT20 - Spruce Green Pants,4510,PT20
PT20WH,PT20 - White Pants,4510,PT20
PT21BK,PT21 - Black Industrial,4315,PT21
PT21CH,PT21P - Charcoal Industrial,4315,PT21P
PT21KH,PT21P - Khaki Industrial,4315,PT21P
PT21NV,PT21P - Navy Industrial,4315,PT21P
PT26BK,PT26 - Black Shorts,4520,PT26
PT26BN,PT26 - Brown Shorts,4520,PT26
PT26CH,PT26 - Charcoal Shorts,4520,PT26
PT26NV,PT26 - Navy Shorts,4520,PT26
PT26SG,PT26 - Spruce Green Shorts,4520,PT26
PT26TN,PT26 - Tan Shorts,4520,PT26
PT27BK,PT27 - Black Hospitality,4318,PT27
PT27CH,PT27 - Charcoal Hospitality,4318,PT27
PT27NV,PT27 - Navy Hospitality,4318,PT27
PT27TN,PT27P - Tan Hospitality,4318,PT27P
PT2ABK,PT2A - Black Pants,4510,PT2A
PT2ACH,PT2A - Charcoal Pants,4510,PT2A
PT2ANV,PT2A - Navy Pants,4510,PT2A
PT2CBK,PT2C - Black Pants,4510,PT2C
PT2CCH,PT2C - Charcoal Pants,4510,PT2C
PT2CKH,PT2C - Khaki Pants,4510,PT2C
PT2CNV,PT2C - Navy Pants,4510,PT2C
PT32BK,PT32 - Black Pants,4510,PT32
PT32CH,PT32 - Charcoal Pants,4510,PT32
PT32KH,PT32 - Khaki Pants,4510,PT32
PT32NV,PT32 - Navy Pants,4510,PT32
PT34BK,PT34 - Black Shorts,4520,PT34
PT34CH,PT34 - Charcoal Shorts,4520,PT34
PT34KH,PT34 - Khaki Shorts,4520,PT34
PT34NV,PT34 - Navy Shorts,4520,PT34
PT38BK,PT38 - Black Pants,4510,PT38
PT38CH,PT38 - Charcoal Pants,4510,PT38
PT38KH,PT38 - Khaki Pants,4510,PT38
PT38NV,PT38 - Navy Pants,4510,PT38
PT39BK,PT39 - Black Hospitality,4318,PT39
PT39KH,PT39 - Khaki Hospitality,4318,PT39
PT39NV,PT39 - Navy Hospitality,4318,PT39
PT42CH,PT42 - Charcoal Shorts,4520,PT42
PT42KH,PT42 - Khaki Shorts,4520,PT42
PT42NV,PT42 - Navy Shorts,4520,PT42
PT4ABK,PT4A - Black Shorts,4520,PT4A
PT4ACH,PT4A - Charcoal Shorts,4520,PT4A
PT4ANV,PT4A - Navy Shorts,4520,PT4A
PT4CBK,PT4C - Black Shorts,4520,PT4C
PT4CCH,PT4C - Charcoal Shorts,4520,PT4C
PT4CKH,PT4C - Khaki Shorts,4520,PT4C
PT4CNV,PT4C - Navy Shorts,4520,PT4C
PT50CB,PT50 - Chocolate Brown Pants,4510,PT50
PT50CH,PT50 - Charcoal Pants,4510,PT50
PT50NV,PT50 - Navy Pants,4510,PT50
PT50SG,PT50 - Spruce Green Pants,4510,PT50
PT55BK,PT55 - Black Uniforms Bottoms,4620,PT55
PT55BW,PT55 - Black/white Check Uniforms Bottoms,4620,PT55
PT56WH,PT56 - White Pants,4510,PT56
PT59CH,PT59P - Charcoal Hospitality,4318,PT59P
PT59NV,PT59P - Navy Hospitality,4318,PT59P
PT59SG,PT59P - Spruce Green Hospitality,4318,PT59P
PT59TN,PT59P - Tan Hospitality,4318,PT59P
PT59WH,PT59P - White Hospitality,4318,PT59P
PT60BK,PT60 - Black Pants,4510,PT60
PT60BN,PT60 - Brown Pants,4510,PT60
PT60CH,PT60 - Charcoal Pants,4510,PT60
PT60KH,PT60 - Khaki Pants,4510,PT60
PT60NV,PT60 - Navy Pants,4510,PT60
PT60SG,PT60 - Spruce Green Pants,4510,PT60
PT60TN,PT60 - Tan Pants,4510,PT60
PT60WH,PT60 - White Pants,4510,PT60
PT61BK,PT61P - Black Hospitality,4318,PT61P
PT61CH,PT61P - Charcoal Hospitality,4318,PT61P
PT61KH,PT61P - Khaki Hospitality,4318,PT61P
PT61NV,PT61P - Navy Hospitality,4318,PT61P
PT61WH,PT61P - White Hospitality,4318,PT61P
PT62BK,PT62 - Black Uniforms Bottoms,4620,PT62
PT62CH,PT62 - Charcoal Uniforms Bottoms,4620,PT62
PT62KH,PT62 - Khaki Uniforms Bottoms,4620,PT62
PT62NV,PT62 - Navy Uniforms Bottoms,4620,PT62
PT88BK,PT88 - Black Pants,4510,PT88
PT88CH,PT88 - Charcoal Pants,4510,PT88
PT88KH,PT88 - Khaki Pants,4510,PT88
PT88NV,PT88 - Navy Pants,4510,PT88
PT89BK,PT89 - Black Industrial,4315,PT89
PT89KH,PT89 - Khaki Industrial,4315,PT89
PT89NV,PT89 - Navy Industrial,4315,PT89
PZ20BK,PZ20 - Black Pants,4510,PZ20
PZ20NV,PZ20 - Navy Pants,4510,PZ20
PZ33BK,PZ33 - Black Industrial,4315,PZ33
PZ33CH,PZ33 - Charcoal Industrial,4315,PZ33
PZ33KH,PZ33 - Khaki Industrial,4315,PZ33
PZ33NV,PZ33 - Navy Industrial,4315,PZ33
QT10BK,QT10 - Black Flame Resistant Tops,4570,QT10
QT10BL,QT10 - Blue Flame Resistant Tops,4570,QT10
QT10CH,QT10 - Charcoal Flame Resistant Tops,4570,QT10
QT10DB,QT10 - Dark Blue Flame Resistant Tops,4570,QT10
QT10RD,QT10 - Red Flame Resistant Tops,4570,QT10
QT10TN,QT10 - Tan Flame Resistant Tops,4570,QT10
QT11BK,QT11 - Black Tops and Sweaters,4326,QT11
QT11BL,QT11 - Blue Tops and Sweaters,4326,QT11
QT11CH,QT11 - Charcoal Tops and Sweaters,4326,QT11
QT11DB,QT11 - Dark Blue Tops and Sweaters,4326,QT11
QT11RD,QT11 - Red Tops and Sweaters,4326,QT11
QT11TN,QT11 - Tan Tops and Sweaters,4326,QT11
QT12BK,QT12 - Black Flame Resistant Tops,4570,QT12
QT12BL,QT12 - Blue Flame Resistant Tops,4570,QT12
QT12CH,QT12BT - Charcoal Flame Resistant Tops,4570,QT12BT
QT12DB,QT12 - Dark Blue Flame Resistant Tops,4570,QT12
QT12RD,QT12BT - Red Flame Resistant Tops,4570,QT12BT
QT12TN,QT12 - Tan Flame Resistant Tops,4570,QT12
QT20BK,QT20 - Black Flame Resistant Tops,4570,QT20
QT20BL,QT20 - Blue Flame Resistant Tops,4570,QT20
QT20CH,QT20 - Charcoal Flame Resistant Tops,4570,QT20
QT20DB,QT20BT - Dark Blue Flame Resistant Tops,4570,QT20BT
QT20RD,QT20BT - Red Flame Resistant Tops,4570,QT20BT
QT20TN,QT20BT - Tan Flame Resistant Tops,4570,QT20BT
QT30BK,QT30 - Black Flame Resistant Tops,4570,QT30
QT30BL,QT30 - Blue Flame Resistant Tops,4570,QT30
QT30CH,QT30 - Charcoal Flame Resistant Tops,4570,QT30
QT30DB,QT30 - Dark Blue Flame Resistant Tops,4570,QT30
QT30RD,QT30 - Red Flame Resistant Tops,4570,QT30
QT30TN,QT30 - Tan Flame Resistant Tops,4570,QT30
QT32BK,QT32BT - Black Flame Resistant Tops,4570,QT32BT
QT32BL,QT32 - Blue Flame Resistant Tops,4570,QT32
QT32CH,QT32 - Charcoal Flame Resistant Tops,4570,QT32
QT32DB,QT32BT - Dark Blue Flame Resistant Tops,4570,QT32BT
QT32RD,QT32BT - Red Flame Resistant Tops,4570,QT32BT
QT32TN,QT32BT - Tan Flame Resistant Tops,4570,QT32BT
RD60MW,RD60 - Medium Wash Jeans,4515,RD60
RH10BK,RH10 - Bark Brown Sweatshirts/Hoodies,4560,RH10
RH10IH,RH10 - Iron Heather Sweatshirts/Hoodies,4560,RH10
RH20BK,RH20 - Bark Brown Sweatshirts/Hoodies,4560,RH20
RH20IH,RH20 - Iron Heather Sweatshirts/Hoodies,4560,RH20
RT30MS,RT30 - Enamel Blue Knit Tops,4545,RT30
RT30SG,RT30 - Steel Grey Knit Tops,4545,RT30
RT32SY,RT32SY - Safety Yellow High Visibility Tops,4565,RT32SY
RT32YG,RT32 - Safety Grey Knit Tops,4545,RT32
SB12BS,SB12 - Petrol Blue/Navy Woven Shirts,4555,SB12
SB22BS,SB22 - Petrol Blue/Navy Woven Shirts,4555,SB22
SC14LB,SC14 - Light Blue Woven Shirts,4555,SC14
SC16LB,SC16 - Light Blue Woven Shirts,4555,SC16
SC16NV,SC16 - Navy Woven Shirts,4555,SC16
SC16WH,SC16 - White Woven Shirts,4555,SC16
SC24LB,SC24 - Light Blue Woven Shirts,4555,SC24
SC30DN,SC30 - Dark Navy Woven Shirts,4555,SC30
SC30EG,SC30EG - Grey With Yellow/Green Visibility Trim Woven Shirts,4555,SC30EG
SC30EN,SC30EN - Navy With Yellow/Green Visibility Trim Woven Shirts,4555,SC30EN
SC30GG,SC30-2 - Graphite Grey Woven Shirts,4555,SC30-2
SC30KH,SC30 - Khaki Woven Shirts,4555,SC30
SC30LB,SC30 - Light Blue Woven Shirts,4555,SC30
SC30NV,SC30 - Navy Woven Shirts,4555,SC30
SC30OR,SC30 - Orange Woven Shirts,4555,SC30
SC30PB,SC30 - Postman Blue Woven Shirts,4555,SC30
SC30SG,SC30 - Spruce Green Woven Shirts,4555,SC30
SC30WH,SC30 - White Woven Shirts,4555,SC30
SC40DN,SC40DN - Dark Navy Woven Shirts,4555,SC40DN
SC40EG,SC40 - Grey With Yellow/Green Visibility Trim Woven Shirts,4555,SC40
SC40EN,SC40 - Navy With Yellow/Green Visibility Trim Woven Shirts,4555,SC40
SC40GG,SC40 - Graphite Grey Woven Shirts,4555,SC40
SC40KH,SC40KH - Khaki Woven Shirts,4555,SC40KH
SC40LB,SC40 - Light Blue Woven Shirts,4555,SC40
SC40NV,SC40 - Navy Woven Shirts,4555,SC40
SC40OR,SC40OR - Orange Woven Shirts,4555,SC40OR
SC40PB,SC40PB - Postman Blue Woven Shirts,4555,SC40PB
SC40SG,SC40 - Spruce Green Woven Shirts,4555,SC40
SC40WH,SC40WH - White Woven Shirts,4555,SC40WH
SC64NV,SC64NV - Navy/Stone Woven Shirts,4555,SC64NV
SC64ST,SC64ST - Stone/Navy Woven Shirts,4555,SC64ST
SC70CH,SC70 - Charcoal Woven Shirts,4555,SC70
SC70DN,SC70 - Dark Navy Woven Shirts,4555,SC70
SC70KH,SC70 - Khaki Woven Shirts,4555,SC70
SC74NV,SC74NV - Navy/Stone Woven Shirts,4555,SC74NV
SC74ST,SC74ST - Stone/Navy Woven Shirts,4555,SC74ST
SD78DN,SD78 - Denim Woven Shirts,4555,SD78
SEG6KH,SEG6KH LN XXL - Khaki Flame Resistant Tops,4570,SEG6KH LN XXL
SEG6LB,SEG6LB RG 3XL - Light Blue Flame Resistant Tops,4570,SEG6LB RG 3XL
SEK2NV,SEK2NV RG 3XL - Navy Flame Resistant Tops,4570,SEK2NV RG 3XL
SEL2GY,SEL2GY RG XXL - Grey Flame Resistant Tops,4570,SEL2GY RG XXL
SEL2KH,SEL2KH LN XXL - Khaki Flame Resistant Tops,4570,SEL2KH LN XXL
SEL2LB,SEL2LB RG S - Light Blue Flame Resistant Tops,4570,SEL2LB RG S
SEL2NV,SEL2NV RG 4XL - Navy Flame Resistant Tops,4570,SEL2NV RG 4XL
SEL2OR,SEL2OR RG 4XL - Orange Flame Resistant Tops,4570,SEL2OR RG 4XL
SEL3NV,SEL3NV RG L - Navy Bottoms and Overalls,4320,SEL3NV RG L
SES2RB,SES2RB LN XXL - Royal Blue Flame Resistant Tops,4570,SES2RB LN XXL
SES2TN,SES2TN LN XXL - Tan Flame Resistant Tops,4570,SES2TN LN XXL
SET2GY,SET2GY RG 4XL - Grey Flame Resistant Tops,4570,SET2GY RG 4XL
SET8GY,SET8GY SS L - Grey Flame Resistant Tops,4570,SET8GY SS L
SET8NV,SET8NV SS 4XL - Navy Flame Resistant Tops,4570,SET8NV SS 4XL
SEU2WB,SEU2WB LN XXL - White/Blue Stripe Flame Resistant Tops,4570,SEU2WB LN XXL
SEW2KH,SEW2KH LN M - Khaki Flame Resistant Tops,4570,SEW2KH LN M
SEW2LB,SEW2LB RG S - Light Blue Flame Resistant Tops,4570,SEW2LB RG S
SEW2NV,SEW2NV LN M - Navy Flame Resistant Tops,4570,SEW2NV LN M
SEW2SY,SEW2SY LN XXL - Silver Grey Flame Resistant Tops,4570,SEW2SY LN XXL
SH10CH,SH10 - Charcoal Uniforms Tops,4640,SH10
SH10NV,SH10 - Navy Uniforms Tops,4640,SH10
SH20CH,SH20 - Charcoal Uniforms Tops,4640,SH20
SH20NV,SH20 - Navy Uniforms Tops,4640,SH20
SK02AH,SK02 - Ash Knit Tops,4545,SK02
SK02BK,SK02 - Black Knit Tops,4545,SK02
SK02BR,SK02 - Burgundy Knit Tops,4545,SK02
SK02HG,SK02 - Hunter Green Knit Tops,4545,SK02
SK02KH,SK02 - Khaki Knit Tops,4545,SK02
SK02MB,SK02 - Medium Blue Knit Tops,4545,SK02
SK02NV,SK02 - Navy Knit Tops,4545,SK02
SK02RB,SK02 - Royal Blue Knit Tops,4545,SK02
SK02RD,SK02 - Red Knit Tops,4545,SK02
SK02WH,SK02 - White Knit Tops,4545,SK02
SK08BG,SK08 - Black/Grey Knit Tops,4545,SK08
SK08CB,SK08 - Charcoal/Blue Knit Tops,4545,SK08
SK08NS,SK08 - Navy/Stone Knit Tops,4545,SK08
SK11BK,SK11P - Black Industrial,4315,SK11P
SK11BU,SK11P - Burgundy Industrial,4315,SK11P
SK11EM,SK11 - Emerald Industrial,4315,SK11
SK11KH,SK11P - Khaki Industrial,4315,SK11P
SK11LB,SK11P - Light Blue Industrial,4315,SK11P
SK11MB,SK11P - Blue Industrial,4315,SK11P
SK11NV,SK11P - Navy Industrial,4315,SK11P
SK11RB,SK11 - Royal Blue Industrial,4315,SK11
SK11RD,SK11P - Red Industrial,4315,SK11P
SK11WH,SK11P - White Industrial,4315,SK11P
SK14BN,SK14 - Burgundy/Navy Knit Tops,4545,SK14
SK14GB,SK14 - Light Grey/Black Knit Tops,4545,SK14
SK14HT,SK14 - Hunter/Tan Knit Tops,4545,SK14
SK14TB,SK14 - Tan/Black Knit Tops,4545,SK14
SK28BK,SK28 - Black Knit Tops,4545,SK28
SK28BR,SK28 - Burgundy Knit Tops,4545,SK28
SK28HG,SK28 - Hunter Green Knit Tops,4545,SK28
SK28LA,SK28 - Light Grey Knit Tops,4545,SK28
SK28LB,SK28 - Light Blue Knit Tops,4545,SK28
SK28NV,SK28 - Navy Knit Tops,4545,SK28
SK28RB,SK28 - Royal Blue Knit Tops,4545,SK28
SK28RD,SK28 - Red Knit Tops,4545,SK28
SK28WH,SK28 - White Knit Tops,4545,SK28
SK50BK,SK50 - Black Knit Tops,4545,SK50
SK50MB,SK50 - Medium Blue Knit Tops,4545,SK50
SK50NV,SK50 - Navy Knit Tops,4545,SK50
SK52BK,SK52 - Black/Charcoal Knit Tops,4545,SK52
SK52BR,SK52 - Burgundy/Black Knit Tops,4545,SK52
SK52MG,SK52 - Moss Green/Navy Knit Tops,4545,SK52
SK52NV,SK52 - Navy/Medium Blue Knit Tops,4545,SK52
SK58LB,SK58 - Light Blue Knit Tops,4545,SK58
SK58NV,SK58 - Navy Knit Tops,4545,SK58
SK58WH,SK58 - White Knit Tops,4545,SK58
SK72BK,SK72 - Black Knit Tops,4545,SK72
SK72BU,SK72 - Burgundy Knit Tops,4545,SK72
SK72EM,SK72 - Emerald Knit Tops,4545,SK72
SK72GO,SK72 - Gold Knit Tops,4545,SK72
SK72JD,SK72 - Jade Knit Tops,4545,SK72
SK72KH,SK72 - Khaki Knit Tops,4545,SK72
SK72LB,SK72 - Light Blue Knit Tops,4545,SK72
SK72MB,SK72 - Marine Blue Knit Tops,4545,SK72
SK72NV,SK72 - Navy Knit Tops,4545,SK72
SK72RB,SK72 - Royal Blue Knit Tops,4545,SK72
SK72RD,SK72 - Red Knit Tops,4545,SK72
SK72SV,SK72 - Silver Knit Tops,4545,SK72
SK72WH,SK72 - White Knit Tops,4545,SK72
SK80BK,SK80 - Black Knit Tops,4545,SK80
SK80GY,SK80 - Grey Knit Tops,4545,SK80
SK80MB,SK80 - Medium Blue Knit Tops,4545,SK80
SK80NV,SK80 - Navy Knit Tops,4545,SK80
SK81BK,SK81BT - Black Tops and Sweaters,4326,SK81BT
SK81GY,SK81 - Grey Tops and Sweaters,4326,SK81
SK81MB,SK81 - Medium Blue Tops and Sweaters,4326,SK81
SK81NV,SK81 - Navy Tops and Sweaters,4326,SK81
SK82BK,SK82 - Black Knit Tops,4545,SK82
SK82KH,SK82 - Khaki Knit Tops,4545,SK82
SK82LB,SK82 - Light Blue Knit Tops,4545,SK82
SK82NV,SK82 - Navy Knit Tops,4545,SK82
SK82RB,SK82 - Royal Blue Knit Tops,4545,SK82
SK82RD,SK82 - Red Knit Tops,4545,SK82
SK82WH,SK82 - White Knit Tops,4545,SK82
SK90BK,SK90 - Black Knit Tops,4545,SK90
SK90GY,SK90BT - Grey Knit Tops,4545,SK90BT
SK90MB,SK90 - Medium Blue Knit Tops,4545,SK90
SK90NV,SK90BT - Navy Knit Tops,4545,SK90BT
SK90RB,SK90 - Royal Blue Knit Tops,4545,SK90
SK90RD,SK90 - Red Knit Tops,4545,SK90
SK90TN,SK90 - Tan Knit Tops,4545,SK90
SK90WH,SK90 - White Knit Tops,4545,SK90
SK91BK,SK91BT - Black Tops and Sweaters,4326,SK91BT
SK91GY,SK91 - Grey Tops and Sweaters,4326,SK91
SK91MB,SK91 - Medium Blue Tops and Sweaters,4326,SK91
SK91NV,SK91 - Navy Tops and Sweaters,4326,SK91
SK91RB,SK91 - Royal Blue Tops and Sweaters,4326,SK91
SK91RD,SK91BT - Red Tops and Sweaters,4326,SK91BT
SK91TN,SK91 - Tan Tops and Sweaters,4326,SK91
SK91WH,SK91BT - White Tops and Sweaters,4326,SK91BT
SK92BK,SK92 - Black Knit Tops,4545,SK92
SK92GY,SK92 - Grey Knit Tops,4545,SK92
SK92MB,SK92 - Medium Blue Knit Tops,4545,SK92
SK92NV,SK92 - Navy Knit Tops,4545,SK92
SK92RB,SK92 - Royal Blue Knit Tops,4545,SK92
SK92RD,SK92 - Red Knit Tops,4545,SK92
SK92TN,SK92 - Tan Knit Tops,4545,SK92
SK92WH,SK92 - White Knit Tops,4545,SK92
SK94BK,SK94 - Black/cream Knit Tops,4545,SK94
SK94NV,SK94 - Navy/cream Knit Tops,4545,SK94
SL10WB,SL10 - Blue/White Stripe Woven Shirts,4555,SL10
SL20WB,SL20 - Blue/White Stripe Woven Shirts,4555,SL20
SL50WB,SL50 - White/Blue Pin Stripe Uniforms Tops,4640,SL50
SL60WB,SL60 - White/Blue Pin Stripe Uniforms Tops,4640,SL60
SLD6BG,SLD6 - Burgundy Flame Resistant Tops,4570,SLD6
SLD6TL,SLD6 - Teal Flame Resistant Tops,4570,SLD6
SLG8HN,SLG8HN RG 3XL - Hunter/Navy Plaid Flame Resistant Tops,4570,SLG8HN RG 3XL
SLG8RK,SLG8RK RG S - Red/Khaki Plaid Flame Resistant Tops,4570,SLG8RK RG S
SLS2LB,SLS2LB RG M - Light Blue Flame Resistant Tops,4570,SLS2LB RG M
SLU2KH,SLU2KH LN M - Khaki Flame Resistant Tops,4570,SLU2KH LN M
SLU2LB,SLU2LB LN L - Light Blue Flame Resistant Tops,4570,SLU2LB LN L
SLU2NV,SLU2NV LN M - Navy Flame Resistant Tops,4570,SLU2NV LN M
SLU2RB,SLU2RB LN M - Royal Blue Flame Resistant Tops,4570,SLU2RB LN M
SLU2SY,SLU2SY RG S - Silver Grey Flame Resistant Tops,4570,SLU2SY RG S
SLU3KH,SLU3KH RG M - Khaki Flame Resistant Tops,4570,SLU3KH RG M
SLU4GY,SLU4 - Grey Flame Resistant Tops,4570,SLU4
SLU4KH,SLU4 - Khaki Flame Resistant Tops,4570,SLU4
SLU6CY,SLU6CY RG 3XL - Blue Chambray Flame Resistant Tops,4570,SLU6CY RG 3XL
SLU8GY,SLU8GY RG S - Grey Flame Resistant Tops,4570,SLU8GY RG S
SLU8KH,SLU8KH RG 3XL - Khaki Flame Resistant Tops,4570,SLU8KH RG 3XL
SLU8LB,SLU8LB RG 3XL - Light Blue Flame Resistant Tops,4570,SLU8LB RG 3XL
SLU8NV,SLU8NV LN XXL - Navy Flame Resistant Tops,4570,SLU8NV LN XXL
SLW2KH,SLW2KH LN L - Khaki Flame Resistant Tops,4570,SLW2KH LN L
SLW2LB,SLW2LB LN XL - Light Blue Flame Resistant Tops,4570,SLW2LB LN XL
SLW2NV,SLW2NV RG S - Navy Flame Resistant Tops,4570,SLW2NV RG S
SMH2NV,SMH2NV LN 3XL - Navy Flame Resistant Tops,4570,SMH2NV LN 3XL
SMH6NV,SMH6NV RG S - Navy Flame Resistant Tops,4570,SMH6NV RG S
SMT4NV,SMT4NV RG 4XL - Navy Flame Resistant Tops,4570,SMT4NV RG 4XL
SMU2KH,SMU2KH RG XXL - Khaki Flame Resistant Tops,4570,SMU2KH RG XXL
SMU2LB,SMU2LB RG XXL - Light Blue Flame Resistant Tops,4570,SMU2LB RG XXL
SMU2NV,SMU2NV RG XXL - Navy Flame Resistant Tops,4570,SMU2NV RG XXL
SMU3LB,SMU3LB RG XL - Light Blue Flame Resistant Tops,4570,SMU3LB RG XL
SMU4GY,SMU4GY RG 3XL - Grey Flame Resistant Tops,4570,SMU4GY RG 3XL
SMU4KH,SMU4KH RG M - Khaki Flame Resistant Tops,4570,SMU4KH RG M
SMU4LB,SMU4LB RG 3XL - Light Blue Flame Resistant Tops,4570,SMU4LB RG 3XL
SMW4HV,SMW4HV RG M - Yellow/Green Flame Resistant Tops,4570,SMW4HV RG M
SMZ6NV,SMZ6NV RG S - Navy Flame Resistant Tops,4570,SMZ6NV RG S
SND2GB,SND2GB RG XXL - Gulf Blue Flame Resistant Tops,4570,SND2GB RG XXL
SND2NV,SND2NV RG XXL - Navy Flame Resistant Tops,4570,SND2NV RG XXL
SND2RB,SND2RB RG XXL - Royal Blue Flame Resistant Tops,4570,SND2RB RG XXL
SND2TN,SND2TN LN L - Tan Flame Resistant Tops,4570,SND2TN LN L
SNS2RB,SNS2RB RG 3XL - Royal Blue Flame Resistant Tops,4570,SNS2RB RG 3XL
SNS2TN,SNS2TN RG S - Tan Flame Resistant Tops,4570,SNS2TN RG S
SNS6RB,SNS6RB RG XXL - Royal Blue Flame Resistant Tops,4570,SNS6RB RG XXL
SP04WH,SP04 - White/Black Uniforms Tops,4640,SP04
SP06WH,SP06 - White With Black/White Check Uniforms Tops,4640,SP06
SP08WB,SP08 - Black/White Check Uniforms Tops,4640,SP08
SP10BB,SP10 - Light Blue/Navy Stripe Woven Shirts,4555,SP10
SP10BW,SP10 - Gm Blue/White Stripe Woven Shirts,4555,SP10
SP10CW,SP10 - White/Charcoal Stripe Woven Shirts,4555,SP10
SP10EX,SP10 - Blue/Charcoal Uniforms Tops,4640,SP10
SP10GI,SP10GI - Charcoal With Blue/White Stripe Woven Shirts,4555,SP10GI
SP10GK,SP10 - Green/Khaki Stripe Woven Shirts,4555,SP10
SP10GW,SP10 - White/Green Stripe Woven Shirts,4555,SP10
SP10HK,SP10 - Hunter/Khaki Check Uniforms Tops,4640,SP10
SP10IC,SP10 - Blue With Brown/white Stripe Woven Shirts,4555,SP10
SP10KB,SP10 - Khaki/Black Check Uniforms Tops,4640,SP10
SP13LB,SP13P - Light Blue Industrial,4315,SP13P
SP13MB,SP13P - Blue Industrial,4315,SP13P
SP13NV,SP13P - Navy Industrial,4315,SP13P
SP13WH,SP13P - White Industrial,4315,SP13P
SP14AC,SP14 - Navy/Red/Light Grey Woven Shirts,4555,SP14
SP14BK,SP14 - Black Woven Shirts,4555,SP14
SP14BY,SP14 - Burgundy Woven Shirts,4555,SP14
SP14CB,SP14 - Chocolate Brown Woven Shirts,4555,SP14
SP14CH,SP14 - Charcoal Woven Shirts,4555,SP14
SP14CR,SP14 - Charcoal/red/white Stripe Woven Shirts,4555,SP14
SP14DB,SP14 - Dark Blue Woven Shirts,4555,SP14
SP14DN,SP14 - Denim Blue Micro Check Woven Shirts,4555,SP14
SP14EG,SP14 - Grey With Yellow/Green Visibility Trim Woven Shirts,4555,SP14
SP14EN,SP14 - Navy With Yellow/Green Visibility Trim Woven Shirts,4555,SP14
SP14EX,SP14 - Grey/blue Stripe Woven Shirts,4555,SP14
SP14GB,SP14 - Blue/Charcoal Woven Shirts,4555,SP14
SP14GM,SP14 - Grey/Black With Red/White Woven Shirts,4555,SP14
SP14GY,SP14 - Grey Woven Shirts,4555,SP14
SP14KB,SP14 - Khaki/Black Woven Shirts,4555,SP14
SP14KK,SP14 - Khaki Woven Shirts,4555,SP14
SP14KN,SP14 - Navy/Khaki Stripe Woven Shirts,4555,SP14
SP14LA,SP14 - Light Grey Woven Shirts,4555,SP14
SP14LB,SP14 - Light Blue Woven Shirts,4555,SP14
SP14LG,SP14 - Light Green Woven Shirts,4555,SP14
SP14LT,SP14 - Light Tan Woven Shirts,4555,SP14
SP14MB,SP14 - Petrol Blue Woven Shirts,4555,SP14
SP14ML,SP14 - Medium Blue/Light Blue Twin Stripe Woven Shirts,4555,SP14
SP14NL,SP14 - Navy/Light Blue Twin Stripe Woven Shirts,4555,SP14
SP14NV,SP14 - Navy Woven Shirts,4555,SP14
SP14ON,SP14 - Navy With Orange Visibility Trim Woven Shirts,4555,SP14
SP14OR,SP14 - Orange Woven Shirts,4555,SP14
SP14PB,SP14 - Postman Blue Woven Shirts,4555,SP14
SP14RB,SP14 - Royal Blue Woven Shirts,4555,SP14
SP14RC,SP14 - Charcoal/Red Twin Stripe Woven Shirts,4555,SP14
SP14RD,SP14 - Red Woven Shirts,4555,SP14
SP14RN,SP14 - Navy/Red Stripe Woven Shirts,4555,SP14
SP14SG,SP14 - Spruce Green Woven Shirts,4555,SP14
SP14SV,SP14 - Silver Grey Woven Shirts,4555,SP14
SP14WH,SP14 - White Woven Shirts,4555,SP14
SP14WM,SP14 - Light Grey With Trim Woven Shirts,4555,SP14
SP14YE,SP14 - Yellow Woven Shirts,4555,SP14
SP15WH,SP15 - White Industrial,4315,SP15
SP16LA,SP16LA - Light Grey Woven Shirts,4555,SP16LA
SP16LB,SP16LB - Light Blue Woven Shirts,4555,SP16LB
SP16LT,SP16LT - Light Tan Woven Shirts,4555,SP16LT
SP16NV,SP16NV - Navy Woven Shirts,4555,SP16NV
SP16WH,SP16WH - White Woven Shirts,4555,SP16WH
SP18BG,SP18 - Silver/Black Woven Shirts,4555,SP18
SP18NP,SP18 - Navy/Post Blue Woven Shirts,4555,SP18
SP18RN,SP18 - Red/Navy Woven Shirts,4555,SP18
SP20BB,SP20 - Light Blue/Navy Stripe Woven Shirts,4555,SP20
SP20BW,SP20 - Gm Blue/White Stripe Woven Shirts,4555,SP20
SP20CW,SP20 - White/charcoal Stripe Woven Shirts,4555,SP20
SP20EX,SP20 - Blue/Charcoal Uniforms Tops,4640,SP20
SP20GI,SP20GI - Charcoal With Blue/White Stripe Woven Shirts,4555,SP20GI
SP20GK,SP20GK - Green/Khaki Woven Shirts,4555,SP20GK
SP20GW,SP20 - White/green Stripe Woven Shirts,4555,SP20
SP20HK,SP20 - Hunter/Khaki Check Uniforms Tops,4640,SP20
SP20IC,SP20 - Blue With Brown/white Stripe Woven Shirts,4555,SP20
SP20KB,SP20 - Khaki/black Check Uniforms Tops,4640,SP20
SP23LB,SP23P - Light Blue Industrial,4315,SP23P
SP23MB,SP23P - Blue Industrial,4315,SP23P
SP23NV,SP23P - Navy Industrial,4315,SP23P
SP23WH,SP23P - White Industrial,4315,SP23P
SP24AC,SP24 - Navy/Red/Light Grey Woven Shirts,4555,SP24
SP24BK,SP24 - Black Woven Shirts,4555,SP24
SP24BY,SP24 - Burgundy Woven Shirts,4555,SP24
SP24CB,SP24 - Chocolate Brown Woven Shirts,4555,SP24
SP24CH,SP24 - Charcoal Woven Shirts,4555,SP24
SP24CR,SP24 - Charcoal/red/white Stripe Woven Shirts,4555,SP24
SP24DB,SP24 - Dark Blue Woven Shirts,4555,SP24
SP24DN,SP24 - Denim Blue Micro Check Woven Shirts,4555,SP24
SP24EG,SP24 - Grey With Yellow/Green Visibility Trim Woven Shirts,4555,SP24
SP24EN,SP24 - Navy With Yellow/Green Visibility Trim Woven Shirts,4555,SP24
SP24EX,SP24 - Grey/blue Stripe Woven Shirts,4555,SP24
SP24GB,SP24 - Blue/Charcoal Woven Shirts,4555,SP24
SP24GM,SP14 - Grey/black With Red/white Woven Shirts,4555,SP14
SP24GY,SP24 - Grey Woven Shirts,4555,SP24
SP24KB,SP24 - Khaki/black Woven Shirts,4555,SP24
SP24KK,SP24 - Khaki Woven Shirts,4555,SP24
SP24KN,SP24 - Navy/Khaki Stripe Woven Shirts,4555,SP24
SP24LA,SP24 - Light Grey Woven Shirts,4555,SP24
SP24LB,SP24 - Light Blue Woven Shirts,4555,SP24
SP24LG,SP24 - Light Green Woven Shirts,4555,SP24
SP24LT,SP24 - Light Tan Woven Shirts,4555,SP24
SP24MB,SP24 - Petrol Blue Woven Shirts,4555,SP24
SP24ML,SP24 - Medium Blue/Light Blue Twin Stripe Woven Shirts,4555,SP24
SP24NL,SP24 - Navy/light Blue Twin Stripe Woven Shirts,4555,SP24
SP24NV,SP24 - Navy Woven Shirts,4555,SP24
SP24ON,SP24 - Navy With Orange Visibility Trim Woven Shirts,4555,SP24
SP24OR,SP24 - Orange Woven Shirts,4555,SP24
SP24PB,SP24 - Postman Blue Woven Shirts,4555,SP24
SP24RB,SP24 - Royal Blue Woven Shirts,4555,SP24
SP24RC,SP24 - Charcoal/Red Twin Stripe Woven Shirts,4555,SP24
SP24RD,SP24 - Red Woven Shirts,4555,SP24
SP24RN,SP24 - Navy/red Stripe Woven Shirts,4555,SP24
SP24SG,SP24 - Spruce Green Woven Shirts,4555,SP24
SP24SV,SP24 - Silver Grey Woven Shirts,4555,SP24
SP24WH,SP24 - White Woven Shirts,4555,SP24
SP24WM,SP24 - Light Grey With Trim Woven Shirts,4555,SP24
SP24YE,SP24 - Yellow Woven Shirts,4555,SP24
SP25LB,SP25P - Light Blue Industrial,4315,SP25P
SP25WH,SP25P - White Industrial,4315,SP25P
SP26LA,SP26LA - Light Grey Woven Shirts,4555,SP26LA
SP26LB,SP26LB - Light Blue Woven Shirts,4555,SP26LB
SP26LT,SP26LT - Light Tan Woven Shirts,4555,SP26LT
SP26NV,SP26NV - Navy Woven Shirts,4555,SP26NV
SP26WH,SP26WH - White Woven Shirts,4555,SP26WH
SP28BG,SP28 - Silver/black Woven Shirts,4555,SP28
SP28NP,SP28 - Navy/Post Blue Woven Shirts,4555,SP28
SP28RN,SP28 - Red/Navy Woven Shirts,4555,SP28
SP35WH,SP35 - White Woven Shirts,4555,SP35
SP36DN,SP36 - Dark Navy Uniforms Tops,4640,SP36
SP36MB,SP36 - Medium Blue Uniforms Tops,4640,SP36
SP36WH,SP36 - White Uniforms Tops,4640,SP36
SP46DN,SP46BT - Dark Navy Uniforms Tops,4640,SP46BT
SP46MB,SP46BT - Medium Blue Uniforms Tops,4640,SP46BT
SP46WH,SP46BT - White Uniforms Tops,4640,SP46BT
SP50CW,SP50CW - White/Charcoal Stripe Uniforms Tops,4640,SP50CW
SP50LA,SP50LA - Light Grey Uniforms Tops,4640,SP50LA
SP50LT,SP50LT - Light Tan Uniforms Tops,4640,SP50LT
SP50MB,SP50MB - Petrol Blue Uniforms Tops,4640,SP50MB
SP50WH,SP50WH - White Uniforms Tops,4640,SP50WH
SP56KH,SP56BT - Khaki Uniforms Tops,4640,SP56BT
SP56MB,SP56BT - Medium Blue Uniforms Tops,4640,SP56BT
SP56NV,SP56BT - Navy Uniforms Tops,4640,SP56BT
SP56WH,SP56 - White Uniforms Tops,4640,SP56
SP60CW,SP60CW - White/Charcoal Stripe Uniforms Tops,4640,SP60CW
SP60LA,SP60LA - Light Grey Uniforms Tops,4640,SP60LA
SP60LT,SP60LT - Light Tan Uniforms Tops,4640,SP60LT
SP60MB,SP60MB - Petrol Blue Uniforms Tops,4640,SP60MB
SP60WH,SP60WH - White Uniforms Tops,4640,SP60WH
SP65MB,SP65 - Blue Hospitality,4318,SP65
SP65WH,SP65 - White Hospitality,4318,SP65
SP66KH,SP66 - Khaki Uniforms Tops,4640,SP66
SP66MB,SP66BT - Medium Blue Uniforms Tops,4640,SP66BT
SP66NV,SP66BT - Navy Uniforms Tops,4640,SP66BT
SP66WH,SP66 - White Uniforms Tops,4640,SP66
SP74GB,SP74 - Grey/Blue Uniforms Tops,4640,SP74
SP74WB,SP74 - White/Blue Uniforms Tops,4640,SP74
SP80BK,SP80 - Black Woven Shirts,4555,SP80
SP80BY,SP80 - Burgundy Woven Shirts,4555,SP80
SP80KH,SP80 - Khaki Woven Shirts,4555,SP80
SP80LB,SP80 - Light Blue Woven Shirts,4555,SP80
SP80NV,SP80 - Navy Woven Shirts,4555,SP80
SP80RB,SP80 - Royal Blue Woven Shirts,4555,SP80
SP80RD,SP80 - Red Woven Shirts,4555,SP80
SP80SV,SP80 - Silver Grey Woven Shirts,4555,SP80
SP80WH,SP80 - White Woven Shirts,4555,SP80
SP81BK,SP81 - Black Hospitality,4318,SP81
SP81BY,SP81 - Burgundy Hospitality,4318,SP81
SP81KH,SP81 - Khaki Hospitality,4318,SP81
SP81LB,SP81 - Light Blue Hospitality,4318,SP81
SP81NV,SP81 - Navy Hospitality,4318,SP81
SP81RB,SP81 - Royal Blue Hospitality,4318,SP81
SP81RD,SP81 - Red Hospitality,4318,SP81
SP81WH,SP81 - White Hospitality,4318,SP81
SP84GB,SP84 - Grey/Blue Uniforms Tops,4640,SP84
SP84WB,SP84 - White/Blue Uniforms Tops,4640,SP84
SP90BK,SP90BK - Black Woven Shirts,4555,SP90BK
SP90BY,SP90BY - Burgundy Woven Shirts,4555,SP90BY
SP90KH,SP90KH - Khaki Woven Shirts,4555,SP90KH
SP90LB,SP90LB - Light Blue Woven Shirts,4555,SP90LB
SP90NV,SP90NV - Navy Woven Shirts,4555,SP90NV
SP90RB,SP90RB - Royal Blue Woven Shirts,4555,SP90RB
SP90RD,SP90RD - Red Woven Shirts,4555,SP90RD
SP90SV,SP90SV - Silver Grey Woven Shirts,4555,SP90SV
SP90WH,SP90WH - White Woven Shirts,4555,SP90WH
SP91BK,SP91P - Black Hospitality,4318,SP91P
SP91BY,SP91 - Burgundy Hospitality,4318,SP91
SP91KH,SP91 - Khaki Hospitality,4318,SP91
SP91LB,SP91P - Light Blue Hospitality,4318,SP91P
SP91NV,SP91 - Navy Hospitality,4318,SP91
SP91RB,SP91 - Royal Blue Hospitality,4318,SP91
SP91RD,SP91 - Red Hospitality,4318,SP91
SP91WH,SP91P - White Hospitality,4318,SP91P
SR60BS,SR60 - Blue/White Stripe Woven Shirts,4555,SR60
SR60FB,SR60FB - French Blue Woven Shirts,4555,SR60FB
SR60GS,SR60 - Grey Stripe Woven Shirts,4555,SR60
SR60GY,SR60 - Solid Grey Woven Shirts,4555,SR60
SR60LB,SR60 - Light Blue Woven Shirts,4555,SR60
SR60WH,SR60 - White Woven Shirts,4555,SR60
SR61BS,SR61 - Blue/White Stripe Hospitality,4318,SR61
SR61GY,SR61 - Gray Hospitality,4318,SR61
SR61LB,SR61 - Light Blue Hospitality,4318,SR61
SR61WH,SR61 - White Hospitality,4318,SR61
SR65FB,SR65 - French Blue Hospitality,4318,SR65
SR71BS,SR71 - Blue/White Stripe Hospitality,4318,SR71
SR71GY,SR71 - Gray Hospitality,4318,SR71
SR71LB,SR71 - Light Blue Hospitality,4318,SR71
SR71WH,SR71 - White Hospitality,4318,SR71
SR75FB,SR75P - French Blue Hospitality,4318,SR75P
SS14HV,SS14 - Fluorescent Yellow/Green High Visibility Tops,4565,SS14
SS14OR,SS14OR - Fluorescent Orange Woven Shirts,4555,SS14OR
SS14YE,SS14YE - Fluorescent Yellow/green Woven Shirts,4555,SS14YE
SS16WH,SS16WH - White Woven Shirts,4555,SS16WH
SS24HV,SS24 - Fluorescent Yellow/Green High Visibility Tops,4565,SS24
SS24OR,SS24OR - Fluorescent Orange Woven Shirts,4555,SS24OR
SS24YE,SS24YE - Fluorescent Yellow/Green Woven Shirts,4555,SS24YE
SS26MB,SS26MB - Medium Blue Woven Shirts,4555,SS26MB
SS26WH,SS26WH - White Woven Shirts,4555,SS26WH
SS36LB,SS36LB - Light Blue Woven Shirts,4555,SS36LB
SS36WH,SS36WH - White Woven Shirts,4555,SS36WH
SS46LB,SS46LB - Light Blue Woven Shirts,4555,SS46LB
SS46WH,SS46WH - White Woven Shirts,4555,SS46WH
ST52BK,ST52 - Black Uniforms Tops,4640,ST52
ST52CH,ST52 - Charcoal Uniforms Tops,4640,ST52
ST52KH,ST52 - Khaki Uniforms Tops,4640,ST52
ST52NV,ST52 - Navy Uniforms Tops,4640,ST52
ST52SV,ST52 - Silver Uniforms Tops,4640,ST52
ST62BK,ST62 - Black Uniforms Tops,4640,ST62
ST62CH,ST62 - Charcoal Uniforms Tops,4640,ST62
ST62KH,ST62 - Khaki Uniforms Tops,4640,ST62
ST62NV,ST62 - Navy Uniforms Tops,4640,ST62
ST62SV,ST62 - Silver Uniforms Tops,4640,ST62
SWW2SY,SWW2 - Silver Grey Flame Resistant Tops,4570,SWW2
SY10BC,SY10 - Black/Charcoal Woven Shirts,4555,SY10
SY10BR,SY10 - Black/Red Woven Shirts,4555,SY10
SY10CG,SY10 - Charcoal/Grey Woven Shirts,4555,SY10
SY10CR,SY10 - Charcoal/Grey Woven Shirts,4555,SY10
SY10NG,SY10 - Navy/Grey Woven Shirts,4555,SY10
SY20BC,SY20 - Black/charcoal Woven Shirts,4555,SY20
SY20BR,SY20 - Black/Red Woven Shirts,4555,SY20
SY20CG,SY20 - Charcoal/grey Woven Shirts,4555,SY20
SY20CR,SY20 - Charcoal/Blue Woven Shirts,4555,SY20
SY20NG,SY20 - Navy/Grey Woven Shirts,4555,SY20
SY50BK,SY50 - Black Woven Shirts,4555,SY50
SY50CH,SY50 - Charcoal Woven Shirts,4555,SY50
SY50GY,SY50 - Grey Woven Shirts,4555,SY50
SY50KH,SY50 - Khaki Woven Shirts,4555,SY50
SY50LB,SY50 - Light Blue Woven Shirts,4555,SY50
SY50NV,SY50 - Navy Woven Shirts,4555,SY50
SY60BK,SY60 - Black Woven Shirts,4555,SY60
SY60CH,SY60 - Charcoal Woven Shirts,4555,SY60
SY60GY,SY60 - Grey Woven Shirts,4555,SY60
SY60KH,SY60 - Khaki Woven Shirts,4555,SY60
SY60LB,SY60 - Light Blue Woven Shirts,4555,SY60
SY60NV,SY60 - Navy Woven Shirts,4555,SY60
TP11NV,TP11 - Navy Hospitality,4318,TP11
TP11WH,TP11 - White Hospitality,4318,TP11
TP23LB,TP23P - Light Blue Hospitality,4318,TP23P
TP23NV,TP23P - Navy Hospitality,4318,TP23P
TP23RD,TP23 - Red Hospitality,4318,TP23
TP23TN,TP23P - Tan Hospitality,4318,TP23P
TP23WH,TP23P - White Hospitality,4318,TP23P
TP27LB,TP27P - Light Blue Hospitality,4318,TP27P
TP27WH,TP27P - White Hospitality,4318,TP27P
TP31LB,TP31P - Light Blue Hospitality,4318,TP31P
TP31NV,TP31 - Navy Hospitality,4318,TP31
TP31RB,TP31 - Royal Blue Hospitality,4318,TP31
TP31RD,TP31P - Red Hospitality,4318,TP31P
TP31WH,TP31P - White Hospitality,4318,TP31P
TP61BK,TP61 - Black Accessories,4670,TP61
TP61KG,TP61 - Kelly Green Accessories,4670,TP61
TP61LB,TP61 - Light Blue Accessories,4670,TP61
TP61NV,TP61 - Navy Accessories,4670,TP61
TP61RB,TP61 - Royal Blue Accessories,4670,TP61
TP61RD,TP61 - Red Accessories,4670,TP61
TP61TN,TP61 - Tan Accessories,4670,TP61
TT34BK,TT34 - Black Accessories,4670,TT34
TT34WH,TT34 - White Accessories,4670,TT34
TT38BK,TT38 - Black Accessories,4670,TT38
VD22BD,VD22 - Brown Duck Vests,4590,VD22
VD22ND,VD22 - Navy Duck Vests,4590,VD22
VMV8HV,VMV8HV RG M - Yellow/Green Flame Resistant Outerwear,4597,VMV8HV RG M
VT22CH,VT22 - Charcoal Vests,4590,VT22
VT22NV,VT22 - Navy Vests,4590,VT22
WJ40BK,WJ40 - Black Outerwear,4575,WJ40
WJ40CH,WJ40 - Charcoal Outerwear,4575,WJ40
WJ40NV,WJ40 - Navy Outerwear,4575,WJ40
WP10LB,WP10 - Light Blue Outerwear,4575,WP10
WP10NV,WP10 - Navy Outerwear,4575,WP10
WP10RB,WP10 - Royal Blue Outerwear,4575,WP10
WP10RD,WP10 - Red Outerwear,4575,WP10
WP10WH,WP10 - White Outerwear,4575,WP10
WP18LB,WP18LB - Light Blue Outerwear,4575,WP18LB
WP18NV,WP18NV - Navy Outerwear,4575,WP18NV
WP18WH,WP18WH - White Outerwear,4575,WP18WH
WP70BK,WP70 - Black Pants,4510,WP70
WP70CH,WP70 - Charcoal Pants,4510,WP70
WP70KH,WP70 - Khaki Pants,4510,WP70
WP70NV,WP70 - Navy Pants,4510,WP70
WP80BK,WP80 - Black Pants,4510,WP80
WP80CH,WP80 - Charcoal Pants,4510,WP80
WP80KH,WP80 - Khaki Pants,4510,WP80
WP80NV,WP80 - Navy Pants,4510,WP80
WP82BK,WP82 - Black Pants,4510,WP82
WP82CH,WP82 - Charcoal Pants,4510,WP82
WP82KH,WP82 - Khaki Pants,4510,WP82
WP82NV,WP82 - Navy Pants,4510,WP82
WP90BK,WP90 - Black Shorts,4520,WP90
WP90CH,WP90 - Charcoal Shorts,4520,WP90
WP90KH,WP90 - Khaki Shorts,4520,WP90
WP90NV,WP90 - Navy Shorts,4520,WP90
WP92BK,WP92 - Black Shorts,4520,WP92
WP92CH,WP92 - Charcoal Shorts,4520,WP92
WP92KH,WP92 - Khaki Shorts,4520,WP92
WP92NV,WP92 - Navy Shorts,4520,WP92
WS10BK,WS10 - Black Woven Shirts,4555,WS10
WS10CB,WS10 - Chocolate Brown Woven Shirts,4555,WS10
WS10CH,WS10 - Charcoal Woven Shirts,4555,WS10
WS10KH,WS10 - Khaki Woven Shirts,4555,WS10
WS10LB,WS10 - Light Blue Woven Shirts,4555,WS10
WS10NV,WS10 - Navy Woven Shirts,4555,WS10
WS10OG,WS10 - Olive Green Woven Shirts,4555,WS10
WS10SV,WS10 - Silver Grey Woven Shirts,4555,WS10
WS10WH,WS10 - White Woven Shirts,4555,WS10
WS20BK,WS20 - Black Woven Shirts,4555,WS20
WS20CB,WS20 - Chocolate Brown Woven Shirts,4555,WS20
WS20CH,WS20 - Charcoal Woven Shirts,4555,WS20
WS20KH,WS20 - Khaki Woven Shirts,4555,WS20
WS20LB,WS20 - Light Blue Woven Shirts,4555,WS20
WS20NV,WS20 - Navy Woven Shirts,4555,WS20
WS20OG,WS20 - Olive Green Woven Shirts,4555,WS20
WS20SV,WS20 - Silver Grey Woven Shirts,4555,WS20
WS20WH,WS20 - White Woven Shirts,4555,WS20
WS50WH,WS50 - White Outerwear,4575,WS50
WT50WH,WT50 - White Outerwear,4575,WT50