MFG Number,Brand
1360,CHEXJ
1430,CHEXJ
1K00BU,REDUP
1K00PT,REDUP
1K00ST,REDUP
1P60,REDUP
1S00,REDUP
1T11,REDVH
1T11P,REDVH
1T21,REDVH
1T21P,REDVH
2020,CHEXJ
2030,CHEXJ
400,CHEXJ
4004,REDUP
4006,REDUP
4010,REDUP
4016,REDUP
401P,WRANJ
402,CHEXJ
4020,CHEXJ
403,CHEXJ
404,CHEXJ
406,REDUP
411,CHEXJ
413,CHEXJ
414,CHEXJ
415,CHEXJ
416,REDUP
420,CHEXJ
421,CHEXJ
423,CHEXJ
425,CHEXJ
427,CHEXJ
440,CHEXJ
5010,CHEXJ
5020,CHEXJ
5025,CHEXJ
5028,CHEXJ
5035,CHEXJ
5050,CHEXJ
5080,REDUP
5090,REDUP
5210,REDVH
5210P,REDVH
5360,CHEXJ
5700,REDUP
9K03,REDVH
9K03P,REDVH
9P01,REDVH
9P01P,REDVH
9S01,REDVH
9S01P,REDVH
9S03,REDVH
9S03P,REDVH
9S05,REDVH
9S05P,REDVH
AB12BK,REDUP
AB14BK,REDUP
BD10,REDUP
BD30,REDUP
BLC8NV LN L,BULWB
BLC8NV LN XXL,BULWB
BLC8NV RG 3XL,BULWB
BLC8NV RG L,BULWB
BLC8NV RG S,BULWB
BLC8NV RG XL,BULWB
BLC8NV RG XXL,BULWB
BLC8RB LN L,BULWB
BLC8RB LN XL,BULWB
BLC8RB LN XXL,BULWB
BLC8RB RG 3XL,BULWB
BLC8RB RG L,BULWB
BLC8RB RG M,BULWB
BLC8RB RG S,BULWB
BLC8RB RG XL,BULWB
BLC8RB RG XXL,BULWB
BLF8BD LN L,BULWB
BLF8BD LN XL,BULWB
BLF8BD LN XXL,BULWB
BLF8BD RG 3XL,BULWB
BLF8BD RG L,BULWB
BLF8BD RG M,BULWB
BLF8BD RG XL,BULWB
BLF8BD RG XXL,BULWB
BLF8NV LN L,BULWB
BLF8NV LN XL,BULWB
BLF8NV LN XXL,BULWB
BLF8NV RG 3XL,BULWB
BLF8NV RG L,BULWB
BLF8NV RG M,BULWB
BLF8NV RG XL,BULWB
BLF8NV RG XXL,BULWB
BLN4BD LN L,BULWB
BLN4BD LN XL,BULWB
BLN4BD LN XXL,BULWB
BLN4BD RG 3XL,BULWB
BLN4BD RG L,BULWB
BLN4BD RG M,BULWB
BLN4BD RG S,BULWB
BLN4BD RG XL,BULWB
BLN4BD RG XXL,BULWB
BNF8RB LN 3XL,BULWB
BNF8RB LN L,BULWB
BNF8RB LN XL,BULWB
BNF8RB LN XXL,BULWB
BNF8RB RG 3XL,BULWB
BNF8RB RG L,BULWB
BNF8RB RG M,BULWB
BNF8RB RG XL,BULWB
BNF8RB RG XXL,BULWB
BNN2NV LN L,BULWB
BNN2NV LN M,BULWB
BNN2NV LN XL,BULWB
BNN2NV LN XXL,BULWB
BNN2NV RG 3XL,BULWB
BNN2NV RG L,BULWB
BNN2NV RG M,BULWB
BNN2NV RG S,BULWB
BNN2NV RG XL,BULWB
BNN2NV RG XXL,BULWB
BXN4YE RG 3XL,BULWB
BXN4YE RG 4XL,BULWB
BXN4YE RG 5XL,BULWB
BXN4YE RG 6XL,BULWB
BXN4YE RG L,BULWB
BXN4YE RG M,BULWB
BXN4YE RG S,BULWB
BXN4YE RG XL,BULWB
BXN4YE RG XXL,BULWB
CC14,REDUP
CC16,REDUP
CC18GY,REDUP
CC18NV,REDUP
CC18RD,REDUP
CD32,REDUP
CEB2GY LN 42,BULWB
CEB2GY LN 44,BULWB
CEB2GY LN 46,BULWB
CEB2GY LN 48,BULWB
CEB2GY LN 50,BULWB
CEB2GY LN 52,BULWB
CEB2GY RG 38,BULWB
CEB2GY RG 40,BULWB
CEB2GY RG 42,BULWB
CEB2GY RG 44,BULWB
CEB2GY RG 46,BULWB
CEB2GY RG 48,BULWB
CEB2GY RG 50,BULWB
CEB2GY RG 52,BULWB
CEB2GY RG 54,BULWB
CEB2NV LN 42,BULWB
CEB2NV LN 44,BULWB
CEB2NV LN 46,BULWB
CEB2NV LN 48,BULWB
CEB2NV LN 50,BULWB
CEB2NV LN 52,BULWB
CEB2NV LN 54,BULWB
CEB2NV LN 56,BULWB
CEB2NV LN 58,BULWB
CEB2NV RG 38,BULWB
CEB2NV RG 40,BULWB
CEB2NV RG 42,BULWB
CEB2NV RG 44,BULWB
CEB2NV RG 46,BULWB
CEB2NV RG 48,BULWB
CEB2NV RG 50,BULWB
CEB2NV RG 52,BULWB
CEB2NV RG 58,BULWB
CEB2RD LN 42,BULWB
CEB2RD LN 44,BULWB
CEB2RD LN 46,BULWB
CEB2RD LN 48,BULWB
CEB2RD LN 50,BULWB
CEB2RD LN 52,BULWB
CEB2RD RG 38,BULWB
CEB2RD RG 40,BULWB
CEB2RD RG 42,BULWB
CEB2RD RG 44,BULWB
CEB2RD RG 46,BULWB
CEB2RD RG 48,BULWB
CEB2RD RG 50,BULWB
CEB2RD RG 52,BULWB
CEB2RD RG 54,BULWB
CEC2KH LN 42,BULWB
CEC2KH LN 44,BULWB
CEC2KH LN 46,BULWB
CEC2KH LN 48,BULWB
CEC2KH LN 50,BULWB
CEC2KH LN 52,BULWB
CEC2KH LN 54,BULWB
CEC2KH LN 58,BULWB
CEC2KH RG 38,BULWB
CEC2KH RG 40,BULWB
CEC2KH RG 42,BULWB
CEC2KH RG 44,BULWB
CEC2KH RG 46,BULWB
CEC2KH RG 48,BULWB
CEC2KH RG 50,BULWB
CEC2KH RG 52,BULWB
CEC2KH RG 54,BULWB
CEC2KH RG 56,BULWB
CEC2KH RG 58,BULWB
CEC2KH RG 60,BULWB
CEC2KH RG 62,BULWB
CEC2KH RG 64,BULWB
CEC2NV LN 42,BULWB
CEC2NV LN 44,BULWB
CEC2NV LN 46,BULWB
CEC2NV LN 48,BULWB
CEC2NV LN 50,BULWB
CEC2NV LN 52,BULWB
CEC2NV LN 54,BULWB
CEC2NV LN 56,BULWB
CEC2NV LN 58,BULWB
CEC2NV RG 38,BULWB
CEC2NV RG 40,BULWB
CEC2NV RG 42,BULWB
CEC2NV RG 44,BULWB
CEC2NV RG 46,BULWB
CEC2NV RG 48,BULWB
CEC2NV RG 50,BULWB
CEC2NV RG 52,BULWB
CEC2NV RG 54,BULWB
CEC2NV RG 56,BULWB
CEC2NV RG 58,BULWB
CEC2NV RG 60,BULWB
CEC2NV RG 62,BULWB
CEC2NV RG 64,BULWB
CEC2OR LN 42,BULWB
CEC2OR LN 44,BULWB
CEC2OR LN 46,BULWB
CEC2OR LN 48,BULWB
CEC2OR LN 50,BULWB
CEC2OR LN 52,BULWB
CEC2OR RG 38,BULWB
CEC2OR RG 40,BULWB
CEC2OR RG 42,BULWB
CEC2OR RG 44,BULWB
CEC2OR RG 46,BULWB
CEC2OR RG 48,BULWB
CEC2OR RG 50,BULWB
CEC2OR RG 52,BULWB
CEC2OR RG 54,BULWB
CEC2OR RG 56,BULWB
CEC2OR RG 58,BULWB
CEC2OR RG 60,BULWB
CEC2OR RG 62,BULWB
CEC2OR RG 64,BULWB
CEC2RB LN 42,BULWB
CEC2RB LN 44,BULWB
CEC2RB LN 46,BULWB
CEC2RB LN 48,BULWB
CEC2RB LN 50,BULWB
CEC2RB LN 52,BULWB
CEC2RB LN 54,BULWB
CEC2RB LN 56,BULWB
CEC2RB LN 58,BULWB
CEC2RB LN 60,BULWB
CEC2RB RG 38,BULWB
CEC2RB RG 40,BULWB
CEC2RB RG 42,BULWB
CEC2RB RG 44,BULWB
CEC2RB RG 46,BULWB
CEC2RB RG 48,BULWB
CEC2RB RG 50,BULWB
CEC2RB RG 52,BULWB
CEC2RB RG 54,BULWB
CEC2RB RG 56,BULWB
CEC2RB RG 58,BULWB
CEC2RB RG 60,BULWB
CEC2RB RG 62,BULWB
CEC2RB RG 64,BULWB
CED2KH LN 42,BULWB
CED2KH LN 44,BULWB
CED2KH LN 46,BULWB
CED2KH LN 48,BULWB
CED2KH LN 50,BULWB
CED2KH LN 52,BULWB
CED2KH LN 54,BULWB
CED2KH LN 56,BULWB
CED2KH LN 58,BULWB
CED2KH RG 38,BULWB
CED2KH RG 40,BULWB
CED2KH RG 42,BULWB
CED2KH RG 44,BULWB
CED2KH RG 46,BULWB
CED2KH RG 48,BULWB
CED2KH RG 50,BULWB
CED2KH RG 52,BULWB
CED2KH RG 54,BULWB
CED2KH RG 56,BULWB
CED2KH RG 58,BULWB
CED2KH RG 60,BULWB
CED2KH RG 62,BULWB
CED2KH RG 64,BULWB
CED2NV LN 42,BULWB
CED2NV LN 44,BULWB
CED2NV LN 46,BULWB
CED2NV LN 48,BULWB
CED2NV LN 50,BULWB
CED2NV LN 52,BULWB
CED2NV LN 54,BULWB
CED2NV LN 56,BULWB
CED2NV LN 58,BULWB
CED2NV RG 38,BULWB
CED2NV RG 40,BULWB
CED2NV RG 42,BULWB
CED2NV RG 44,BULWB
CED2NV RG 46,BULWB
CED2NV RG 48,BULWB
CED2NV RG 50,BULWB
CED2NV RG 52,BULWB
CED2NV RG 54,BULWB
CED2NV RG 56,BULWB
CED2NV RG 58,BULWB
CED2NV RG 60,BULWB
CED2NV RG 62,BULWB
CED2NV RG 64,BULWB
CED2OR LN 42,BULWB
CED2OR LN 44,BULWB
CED2OR LN 46,BULWB
CED2OR LN 48,BULWB
CED2OR LN 50,BULWB
CED2OR LN 52,BULWB
CED2OR LN 54,BULWB
CED2OR LN 56,BULWB
CED2OR LN 58,BULWB
CED2OR RG 38,BULWB
CED2OR RG 40,BULWB
CED2OR RG 42,BULWB
CED2OR RG 44,BULWB
CED2OR RG 46,BULWB
CED2OR RG 48,BULWB
CED2OR RG 50,BULWB
CED2OR RG 52,BULWB
CED2OR RG 54,BULWB
CED2OR RG 56,BULWB
CED2OR RG 58,BULWB
CED2OR RG 60,BULWB
CED2OR RG 62,BULWB
CED2OR RG 64,BULWB
CED2RB LN 42,BULWB
CED2RB LN 44,BULWB
CED2RB LN 46,BULWB
CED2RB LN 48,BULWB
CED2RB LN 50,BULWB
CED2RB LN 52,BULWB
CED2RB LN 54,BULWB
CED2RB LN 56,BULWB
CED2RB LN 58,BULWB
CED2RB RG 38,BULWB
CED2RB RG 40,BULWB
CED2RB RG 42,BULWB
CED2RB RG 44,BULWB
CED2RB RG 46,BULWB
CED2RB RG 50,BULWB
CED2RB RG 52,BULWB
CED2RB RG 54,BULWB
CED2RB RG 56,BULWB
CED2RB RG 58,BULWB
CED2RB RG 60,BULWB
CED2RB RG 62,BULWB
CED2RB RG 64,BULWB
CEH2NV LN L,BULWB
CEH2NV LN M,BULWB
CEH2NV LN XL,BULWB
CEH2NV LN XXL,BULWB
CEH2NV RG 3XL,BULWB
CEH2NV RG L,BULWB
CEH2NV RG M,BULWB
CEH2NV RG S,BULWB
CEH2NV RG XL,BULWB
CEH2NV RG XXL,BULWB
CEW2VG LN L,BULWB
CEW2VG LN S,BULWB
CEW2VG LN XL,BULWB
CEW2VG LN XXL,BULWB
CEW2VG RG 3XL,BULWB
CEW2VG RG 4XL,BULWB
CEW2VG RG L,BULWB
CEW2VG RG M,BULWB
CEW2VG RG S,BULWB
CEW2VG RG XL,BULWB
CEW2VG RG XXL,BULWB
CK44,REDUP
CLB2KH LN 42,BULWB
CLB2KH LN 44,BULWB
CLB2KH LN 46,BULWB
CLB2KH LN 48,BULWB
CLB2KH LN 50,BULWB
CLB2KH LN 52,BULWB
CLB2KH RG 38,BULWB
CLB2KH RG 40,BULWB
CLB2KH RG 42,BULWB
CLB2KH RG 44,BULWB
CLB2KH RG 46,BULWB
CLB2KH RG 48,BULWB
CLB2KH RG 50,BULWB
CLB2KH RG 52,BULWB
CLB2KH RG 54,BULWB
CLB2NV LN 42,BULWB
CLB2NV LN 44,BULWB
CLB2NV LN 46,BULWB
CLB2NV LN 48,BULWB
CLB2NV LN 50,BULWB
CLB2NV LN 52,BULWB
CLB2NV LN 54,BULWB
CLB2NV LN 56,BULWB
CLB2NV LN 58,BULWB
CLB2NV RG 38,BULWB
CLB2NV RG 40,BULWB
CLB2NV RG 42,BULWB
CLB2NV RG 44,BULWB
CLB2NV RG 46,BULWB
CLB2NV RG 48,BULWB
CLB2NV RG 50,BULWB
CLB2NV RG 52,BULWB
CLB2NV RG 54,BULWB
CLB2NV RG 56,BULWB
CLB2NV RG 58,BULWB
CLB2RB LN 42,BULWB
CLB2RB LN 44,BULWB
CLB2RB LN 46,BULWB
CLB2RB LN 48,BULWB
CLB2RB LN 50,BULWB
CLB2RB LN 52,BULWB
CLB2RB RG 38,BULWB
CLB2RB RG 40,BULWB
CLB2RB RG 42,BULWB
CLB2RB RG 44,BULWB
CLB2RB RG 46,BULWB
CLB2RB RG 48,BULWB
CLB2RB RG 50,BULWB
CLB2RB RG 52,BULWB
CLB2RB RG 54,BULWB
CLB6KH LN 42,BULWB
CLB6KH LN 44,BULWB
CLB6KH LN 46,BULWB
CLB6KH LN 48,BULWB
CLB6KH LN 50,BULWB
CLB6KH LN 52,BULWB
CLB6KH RG 38,BULWB
CLB6KH RG 40,BULWB
CLB6KH RG 42,BULWB
CLB6KH RG 44,BULWB
CLB6KH RG 46,BULWB
CLB6KH RG 48,BULWB
CLB6KH RG 50,BULWB
CLB6KH RG 54,BULWB
CLB6NV LN 42,BULWB
CLB6NV LN 44,BULWB
CLB6NV LN 46,BULWB
CLB6NV LN 48,BULWB
CLB6NV LN 50,BULWB
CLB6NV LN 52,BULWB
CLB6NV LN 54,BULWB
CLB6NV LN 56,BULWB
CLB6NV LN 58,BULWB
CLB6NV RG 38,BULWB
CLB6NV RG 40,BULWB
CLB6NV RG 42,BULWB
CLB6NV RG 44,BULWB
CLB6NV RG 46,BULWB
CLB6NV RG 48,BULWB
CLB6NV RG 50,BULWB
CLB6NV RG 52,BULWB
CLB6NV RG 54,BULWB
CLB6NV RG 56,BULWB
CLB6NV RG 58,BULWB
CLBTRB LN 42,BULWB
CLBTRB LN 44,BULWB
CLBTRB LN 46,BULWB
CLBTRB LN 48,BULWB
CLBTRB LN 50,BULWB
CLBTRB LN 52,BULWB
CLBTRB LN 54,BULWB
CLBTRB LN 58,BULWB
CLBTRB RG 38,BULWB
CLBTRB RG 44,BULWB
CLBTRB RG 46,BULWB
CLBTRB RG 54,BULWB
CLBTRB RG 56,BULWB
CLBTRB RG 58,BULWB
CLC8NV LN L,BULWB
CLC8NV LN XL,BULWB
CLC8NV LN XXL,BULWB
CLC8NV RG 3XL,BULWB
CLC8NV RG L,BULWB
CLC8NV RG M,BULWB
CLC8NV RG S,BULWB
CLC8NV RG XL,BULWB
CLC8NV RG XXL,BULWB
CLD4GY LN 42,BULWB
CLD4GY LN 44,BULWB
CLD4GY LN 46,BULWB
CLD4GY LN 48,BULWB
CLD4GY LN 50,BULWB
CLD4GY LN 52,BULWB
CLD4GY LN 54,BULWB
CLD4GY LN 56,BULWB
CLD4GY LN 58,BULWB
CLD4GY RG 34,BULWB
CLD4GY RG 36,BULWB
CLD4GY RG 38,BULWB
CLD4GY RG 40,BULWB
CLD4GY RG 42,BULWB
CLD4GY RG 44,BULWB
CLD4GY RG 46,BULWB
CLD4GY RG 48,BULWB
CLD4GY RG 50,BULWB
CLD4GY RG 52,BULWB
CLD4GY RG 54,BULWB
CLD4GY RG 56,BULWB
CLD4GY RG 58,BULWB
CLD4KH LN 42,BULWB
CLD4KH LN 44,BULWB
CLD4KH LN 46,BULWB
CLD4KH LN 48,BULWB
CLD4KH LN 50,BULWB
CLD4KH LN 52,BULWB
CLD4KH LN 54,BULWB
CLD4KH LN 56,BULWB
CLD4KH LN 58,BULWB
CLD4KH RG 34,BULWB
CLD4KH RG 36,BULWB
CLD4KH RG 38,BULWB
CLD4KH RG 40,BULWB
CLD4KH RG 42,BULWB
CLD4KH RG 44,BULWB
CLD4KH RG 46,BULWB
CLD4KH RG 50,BULWB
CLD4KH RG 52,BULWB
CLD4KH RG 54,BULWB
CLD4KH RG 56,BULWB
CLD4KH RG 58,BULWB
CLD4NV LN 42,BULWB
CLD4NV LN 44,BULWB
CLD4NV LN 48,BULWB
CLD4NV LN 50,BULWB
CLD4NV LN 52,BULWB
CLD4NV LN 54,BULWB
CLD4NV LN 58,BULWB
CLD4NV RG 36,BULWB
CLD4NV RG 38,BULWB
CLD4NV RG 40,BULWB
CLD4NV RG 44,BULWB
CLD4NV RG 46,BULWB
CLD4NV RG 48,BULWB
CLD4NV RG 50,BULWB
CLD4NV RG 52,BULWB
CLD4NV RG 56,BULWB
CLD4NV RG 58,BULWB
CLD4RB LN 42,BULWB
CLD4RB LN 44,BULWB
CLD4RB LN 46,BULWB
CLD4RB LN 48,BULWB
CLD4RB LN 50,BULWB
CLD4RB LN 52,BULWB
CLD4RB LN 54,BULWB
CLD4RB LN 56,BULWB
CLD4RB LN 58,BULWB
CLD4RB RG 34,BULWB
CLD4RB RG 36,BULWB
CLD4RB RG 38,BULWB
CLD4RB RG 40,BULWB
CLD4RB RG 42,BULWB
CLD4RB RG 44,BULWB
CLD4RB RG 46,BULWB
CLD4RB RG 48,BULWB
CLD4RB RG 50,BULWB
CLD4RB RG 52,BULWB
CLD4RB RG 54,BULWB
CLD4RB RG 56,BULWB
CLD4RB RG 58,BULWB
CLD4RD LN 42,BULWB
CLD4RD LN 44,BULWB
CLD4RD LN 46,BULWB
CLD4RD LN 48,BULWB
CLD4RD LN 50,BULWB
CLD4RD LN 54,BULWB
CLD4RD LN 56,BULWB
CLD4RD LN 58,BULWB
CLD4RD RG 34,BULWB
CLD4RD RG 36,BULWB
CLD4RD RG 38,BULWB
CLD4RD RG 40,BULWB
CLD4RD RG 42,BULWB
CLD4RD RG 44,BULWB
CLD4RD RG 46,BULWB
CLD4RD RG 48,BULWB
CLD4RD RG 50,BULWB
CLD4RD RG 52,BULWB
CLD4RD RG 54,BULWB
CLD4RD RG 56,BULWB
CLD4RD RG 58,BULWB
CMD4GY LN 42,BULWB
CMD4GY LN 44,BULWB
CMD4GY LN 46,BULWB
CMD4GY LN 48,BULWB
CMD4GY LN 50,BULWB
CMD4GY LN 52,BULWB
CMD4GY LN 54,BULWB
CMD4GY LN 56,BULWB
CMD4GY LN 58,BULWB
CMD4GY RG 34,BULWB
CMD4GY RG 36,BULWB
CMD4GY RG 38,BULWB
CMD4GY RG 40,BULWB
CMD4GY RG 42,BULWB
CMD4GY RG 44,BULWB
CMD4GY RG 46,BULWB
CMD4GY RG 48,BULWB
CMD4GY RG 50,BULWB
CMD4GY RG 52,BULWB
CMD4GY RG 54,BULWB
CMD4GY RG 56,BULWB
CMD4GY RG 58,BULWB
CMD4KH LN 42,BULWB
CMD4KH LN 44,BULWB
CMD4KH LN 46,BULWB
CMD4KH LN 48,BULWB
CMD4KH LN 50,BULWB
CMD4KH LN 52,BULWB
CMD4KH LN 54,BULWB
CMD4KH LN 56,BULWB
CMD4KH LN 58,BULWB
CMD4KH RG 34,BULWB
CMD4KH RG 36,BULWB
CMD4KH RG 38,BULWB
CMD4KH RG 40,BULWB
CMD4KH RG 42,BULWB
CMD4KH RG 44,BULWB
CMD4KH RG 46,BULWB
CMD4KH RG 48,BULWB
CMD4KH RG 50,BULWB
CMD4KH RG 52,BULWB
CMD4KH RG 54,BULWB
CMD4KH RG 56,BULWB
CMD4KH RG 58,BULWB
CMD4NV LN 42,BULWB
CMD4NV LN 44,BULWB
CMD4NV LN 46,BULWB
CMD4NV LN 48,BULWB
CMD4NV LN 50,BULWB
CMD4NV LN 52,BULWB
CMD4NV LN 54,BULWB
CMD4NV LN 56,BULWB
CMD4NV LN 58,BULWB
CMD4NV RG 34,BULWB
CMD4NV RG 36,BULWB
CMD4NV RG 38,BULWB
CMD4NV RG 40,BULWB
CMD4NV RG 42,BULWB
CMD4NV RG 44,BULWB
CMD4NV RG 46,BULWB
CMD4NV RG 48,BULWB
CMD4NV RG 50,BULWB
CMD4NV RG 52,BULWB
CMD4NV RG 54,BULWB
CMD4NV RG 56,BULWB
CMD4NV RG 58,BULWB
CMD6KH LN 42,BULWB
CMD6KH LN 44,BULWB
CMD6KH LN 46,BULWB
CMD6KH LN 48,BULWB
CMD6KH LN 50,BULWB
CMD6KH LN 52,BULWB
CMD6KH LN 54,BULWB
CMD6KH LN 56,BULWB
CMD6KH LN 58,BULWB
CMD6KH RG 38,BULWB
CMD6KH RG 40,BULWB
CMD6KH RG 42,BULWB
CMD6KH RG 44,BULWB
CMD6KH RG 46,BULWB
CMD6KH RG 48,BULWB
CMD6KH RG 50,BULWB
CMD6KH RG 52,BULWB
CMD6KH RG 54,BULWB
CMD6KH RG 56,BULWB
CMD6KH RG 58,BULWB
CMD6NV LN 42,BULWB
CMD6NV LN 44,BULWB
CMD6NV LN 46,BULWB
CMD6NV LN 48,BULWB
CMD6NV LN 50,BULWB
CMD6NV LN 52,BULWB
CMD6NV LN 54,BULWB
CMD6NV LN 56,BULWB
CMD6NV LN 58,BULWB
CMD6NV RG 38,BULWB
CMD6NV RG 40,BULWB
CMD6NV RG 42,BULWB
CMD6NV RG 44,BULWB
CMD6NV RG 46,BULWB
CMD6NV RG 48,BULWB
CMD6NV RG 50,BULWB
CMD6NV RG 52,BULWB
CMD6NV RG 54,BULWB
CMD6NV RG 56,BULWB
CMD6NV RG 58,BULWB
CNB2NV LN 42,BULWB
CNB2NV LN 44,BULWB
CNB2NV LN 46,BULWB
CNB2NV LN 48,BULWB
CNB2NV LN 50,BULWB
CNB2NV LN 52,BULWB
CNB2NV RG 38,BULWB
CNB2NV RG 40,BULWB
CNB2NV RG 42,BULWB
CNB2NV RG 44,BULWB
CNB2NV RG 46,BULWB
CNB2NV RG 48,BULWB
CNB2NV RG 50,BULWB
CNB2NV RG 52,BULWB
CNB2NV RG 54,BULWB
CNB2RB LN 42,BULWB
CNB2RB LN 44,BULWB
CNB2RB LN 46,BULWB
CNB2RB LN 48,BULWB
CNB2RB LN 50,BULWB
CNB2RB LN 52,BULWB
CNB2RB RG 38,BULWB
CNB2RB RG 40,BULWB
CNB2RB RG 42,BULWB
CNB2RB RG 44,BULWB
CNB2RB RG 46,BULWB
CNB2RB RG 48,BULWB
CNB2RB RG 50,BULWB
CNB2RB RG 52,BULWB
CNB2RB RG 54,BULWB
CNB2TN LN 42,BULWB
CNB2TN LN 44,BULWB
CNB2TN LN 46,BULWB
CNB2TN LN 48,BULWB
CNB2TN LN 50,BULWB
CNB2TN LN 52,BULWB
CNB2TN RG 38,BULWB
CNB2TN RG 40,BULWB
CNB2TN RG 42,BULWB
CNB2TN RG 44,BULWB
CNB2TN RG 46,BULWB
CNB2TN RG 48,BULWB
CNB2TN RG 50,BULWB
CNB2TN RG 52,BULWB
CNB2TN RG 54,BULWB
CNB3NV RG L,BULWB
CNB3NV RG M,BULWB
CNB3NV RG S,BULWB
CNB3NV RG XL,BULWB
CNB3NV RG XS,BULWB
CNB6NV LN 42,BULWB
CNB6NV LN 44,BULWB
CNB6NV LN 46,BULWB
CNB6NV LN 48,BULWB
CNB6NV LN 50,BULWB
CNB6NV LN 52,BULWB
CNB6NV LN 54,BULWB
CNB6NV LN 56,BULWB
CNB6NV LN 58,BULWB
CNB6NV RG 38,BULWB
CNB6NV RG 40,BULWB
CNB6NV RG 42,BULWB
CNB6NV RG 44,BULWB
CNB6NV RG 48,BULWB
CNB6NV RG 50,BULWB
CNB6NV RG 52,BULWB
CNB6NV RG 54,BULWB
CNB6NV RG 56,BULWB
CNB6NV RG 58,BULWB
CNB6RB LN 40,BULWB
CNB6RB LN 42,BULWB
CNB6RB LN 44,BULWB
CNB6RB LN 46,BULWB
CNB6RB LN 48,BULWB
CNB6RB LN 50,BULWB
CNB6RB LN 52,BULWB
CNB6RB LN 54,BULWB
CNB6RB LN 56,BULWB
CNB6RB LN 58,BULWB
CNB6RB LN 60,BULWB
CNB6RB RG 38,BULWB
CNB6RB RG 40,BULWB
CNB6RB RG 42,BULWB
CNB6RB RG 44,BULWB
CNB6RB RG 46,BULWB
CNB6RB RG 48,BULWB
CNB6RB RG 50,BULWB
CNB6RB RG 52,BULWB
CNB6RB RG 54,BULWB
CNB6RB RG 56,BULWB
CNB6RB RG 58,BULWB
CNB6RB RG 60,BULWB
CNB6RB SH 38,BULWB
CNB6RB SH 40,BULWB
CNB6RB SH 42,BULWB
CNB6RB SH 44,BULWB
CNB6RB SH 46,BULWB
CNB6RB SH 48,BULWB
CNBTRB LN 40,BULWB
CNBTRB LN 42,BULWB
CNBTRB LN 44,BULWB
CNBTRB LN 46,BULWB
CNBTRB LN 48,BULWB
CNBTRB LN 50,BULWB
CNBTRB LN 52,BULWB
CNBTRB LN 54,BULWB
CNBTRB LN 56,BULWB
CNBTRB LN 58,BULWB
CNBTRB LN 60,BULWB
CNBTRB RG 38,BULWB
CNBTRB RG 40,BULWB
CNBTRB RG 42,BULWB
CNBTRB RG 44,BULWB
CNBTRB RG 46,BULWB
CNBTRB RG 48,BULWB
CNBTRB RG 50,BULWB
CNBTRB RG 52,BULWB
CNBTRB RG 54,BULWB
CNBTRB RG 56,BULWB
CNBTRB RG 58,BULWB
CNBTRB RG 60,BULWB
CNC2NV LN 42,BULWB
CNC2NV LN 44,BULWB
CNC2NV LN 46,BULWB
CNC2NV LN 48,BULWB
CNC2NV LN 50,BULWB
CNC2NV LN 52,BULWB
CNC2NV RG 38,BULWB
CNC2NV RG 40,BULWB
CNC2NV RG 42,BULWB
CNC2NV RG 44,BULWB
CNC2NV RG 46,BULWB
CNC2NV RG 48,BULWB
CNC2NV RG 50,BULWB
CNC2NV RG 52,BULWB
CNC2NV RG 54,BULWB
CNC2NV RG 56,BULWB
CNC2NV RG 58,BULWB
CNC2TN LN 42,BULWB
CNC2TN LN 44,BULWB
CNC2TN LN 46,BULWB
CNC2TN LN 48,BULWB
CNC2TN LN 50,BULWB
CNC2TN LN 52,BULWB
CNC2TN LN 54,BULWB
CNC2TN LN 56,BULWB
CNC2TN LN 58,BULWB
CNC2TN RG 38,BULWB
CNC2TN RG 40,BULWB
CNC2TN RG 44,BULWB
CNC2TN RG 46,BULWB
CNC2TN RG 48,BULWB
CNC2TN RG 50,BULWB
CNC2TN RG 52,BULWB
CNC2TN RG 54,BULWB
CNC2TN RG 58,BULWB
CNN2NV LN L,BULWB
CNN2NV LN M,BULWB
CNN2NV LN XL,BULWB
CNN2NV LN XXL,BULWB
CNN2NV RG 3XL,BULWB
CNN2NV RG L,BULWB
CNN2NV RG M,BULWB
CNN2NV RG S,BULWB
CNN2NV RG XL,BULWB
CNN2NV RG XXL,BULWB
CP30,REDUP
CP40,REDUP
CT10,REDUP
CT16,REDUP
CT30,REDUP
DP23,REDVH
DP23P,REDVH
DP29,REDVH
DP29P,REDVH
HB20,REDUP
HD20,REDUP
HLB6LD RG M,BULWB
HLH2BD RG M,BULWB
HLH2NV RG M,BULWB
HLH2RB RG M,BULWB
HMB2NV RG M,BULWB
HMC2BK RG M,BULWB
HMC4NV RG M,BULWB
HNB2NA RG M,BULWB
HNH2NV RG M,BULWB
HNH2RB RG M,BULWB
HNL2NV RG M,BULWB
HNM2NV RG M,BULWB
HP60,CHEXJ
HP70,CHEXJ
JD20,REDUP
JD24,REDUP
JET2NV LN L,BULWB
JET2NV RG 3XL,BULWB
JET2NV RG L,BULWB
JET2NV RG M,BULWB
JET2NV RG S,BULWB
JET2NV RG XL,BULWB
JEW2NV LN L,BULWB
JEW2NV LN XL,BULWB
JEW2NV LN XXL,BULWB
JEW2NV RG 3XL,BULWB
JEW2NV RG L,BULWB
JEW2NV RG M,BULWB
JEW2NV RG S,BULWB
JEW2NV RG XL,BULWB
JEW2NV RG XXL,BULWB
JLB8BD LN L,BULWB
JLB8BD LN XL,BULWB
JLB8BD LN XXL,BULWB
JLB8BD RG 3XL,BULWB
JLB8BD RG L,BULWB
JLB8BD RG M,BULWB
JLB8BD RG S,BULWB
JLB8BD RG XL,BULWB
JLB8BD RG XXL,BULWB
JLC4BD LN L,BULWB
JLC4BD LN XL,BULWB
JLC4BD LN XXL,BULWB
JLC4BD RG 3XL,BULWB
JLC4BD RG L,BULWB
JLC4BD RG M,BULWB
JLC4BD RG S,BULWB
JLC4BD RG XL,BULWB
JLC4BD RG XXL,BULWB
JLF6BK LN 3XL,BULWB
JLF6BK LN 4XL,BULWB
JLF6BK LN L,BULWB
JLF6BK LN XL,BULWB
JLF6BK LN XXL,BULWB
JLF6BK RG 3XL,BULWB
JLF6BK RG 4XL,BULWB
JLF6BK RG L,BULWB
JLF6BK RG M,BULWB
JLF6BK RG S,BULWB
JLF6BK RG XL,BULWB
JLF6BK RG XXL,BULWB
JLH4BD LN L,BULWB
JLH4BD LN XL,BULWB
JLH4BD LN XXL,BULWB
JLH4BD RG 3XL,BULWB
JLH4BD RG 4XL,BULWB
JLH4BD RG M,BULWB
JLH4BD RG S,BULWB
JLH4BD RG XXL,BULWB
JLJ8NV LN L,BULWB
JLJ8NV LN M,BULWB
JLJ8NV LN XL,BULWB
JLJ8NV LN XXL,BULWB
JLJ8NV RG 3XL,BULWB
JLJ8NV RG L,BULWB
JLJ8NV RG M,BULWB
JLJ8NV RG S,BULWB
JLJ8NV RG XL,BULWB
JLJ8NV RG XXL,BULWB
JLP8NV LN XL,BULWB
JLP8NV LN XXL,BULWB
JLP8NV RG L,BULWB
JLP8NV RG M,BULWB
JLP8NV RG S,BULWB
JLP8NV RG XXL,BULWB
JLPCNV RG L,BULWB
JLPCNV RG M,BULWB
JLPCNV RG XL,BULWB
JLPCNV RG XXL,BULWB
JLR8NV LN L,BULWB
JLR8NV LN XL,BULWB
JLR8NV LN XXL,BULWB
JLR8NV RG 3XL,BULWB
JLR8NV RG L,BULWB
JLR8NV RG M,BULWB
JLR8NV RG S,BULWB
JLR8NV RG XL,BULWB
JLR8NV RG XXL,BULWB
JN10,REDUP
JNJ8NV LN L,BULWB
JNJ8NV LN XL,BULWB
JNJ8NV LN XXL,BULWB
JNJ8NV RG 3XL,BULWB
JNJ8NV RG L,BULWB
JNJ8NV RG M,BULWB
JNJ8NV RG S,BULWB
JNJ8NV RG XL,BULWB
JNJ8NV RG XXL,BULWB
JNP2NV LN L,BULWB
JNP2NV LN M,BULWB
JNP2NV LN XL,BULWB
JNP2NV LN XXL,BULWB
JNP2NV RG 3XL,BULWB
JNP2NV RG L,BULWB
JNP2NV RG M,BULWB
JNP2NV RG S,BULWB
JNP2NV RG XL,BULWB
JNP2NV RG XXL,BULWB
JNT2NV RG 3XL,BULWB
JNT2NV RG L,BULWB
JNT2NV RG M,BULWB
JNT2NV RG XL,BULWB
JNT2NV RG XXL,BULWB
JP66,REDUP
JP70,REDUP
JT22,REDUP
JT36,REDUP
JT38,REDUP
JT40,REDUP
JT50,REDUP
JXN4YE RG 3XL,BULWB
JXN4YE RG 4XL,BULWB
JXN4YE RG 5XL,BULWB
JXN4YE RG 6XL,BULWB
JXN4YE RG L,BULWB
JXN4YE RG M,BULWB
JXN4YE RG S,BULWB
JXN4YE RG XL,BULWB
JXN4YE RG XXL,BULWB
JY32,REDUP
KC82,CHEXJ
KDE4SB RG 3XL,BULWB
KDE4SB RG 5XL,BULWB
KDE4SB RG L,BULWB
KDE4SB RG M,BULWB
KDE4SB RG XL,BULWB
KDE4SB RG XXL,BULWB
KEE2SB RG 3XL,BULWB
KEE2SB RG L,BULWB
KEE2SB RG M,BULWB
KEE2SB RG XL,BULWB
KEE2SB RG XXL,BULWB
KEL2LB RG L,BULWB
KEL2LB RG M,BULWB
KEL2LB RG S,BULWB
KEL2LB RG XL,BULWB
KEL2LB RG XXL,BULWB
KEW2VG RG 3XL,BULWB
KEW2VG RG M,BULWB
KEW2VG RG S,BULWB
KEW2VG RG XL,BULWB
KEW2VG RG XXL,BULWB
KK26,REDUP
KK28,REDUP
KNL2RB RG L,BULWB
KNL2RB RG M,BULWB
KNL2RB RG S,BULWB
KNL2RB RG XL,BULWB
KNL2RB RG XXL,BULWB
KP10,REDUP
KP10RD,REDUP
KP11,REDVH
KP13,REDVH
KP13P,REDVH
KP14,REDUP
KP16,REDUP
KP17,REDVH
KP17P,REDVH
KP18,REDUP
KP38,REDUP
KP43,REDVH
KP43P,REDVH
KP44,REDUP
KP70,REDUP
KP72,REDUP
KS58,REDUP
KS60,REDUP
KS62,REDUP
KS64,REDUP
KT18,REDUP
KT30,REDUP
KT33,REDVH
KT33P,REDVH
KT34,REDUP
KT50,REDUP
KT74,CHEXJ
KT76,CHEXJ
KT80,CHEXJ
KV30,CHEXJ
LLS2BD LN XL,BULWB
LLS2BD LN XXL,BULWB
LLS2BD RG 3XL,BULWB
LLS2BD RG L,BULWB
LLS2BD RG M,BULWB
LLS2BD RG S,BULWB
LLS2BD RG XL,BULWB
LLS2BD RG XXL,BULWB
LML2GY LN L,BULWB
LML2GY LN XL,BULWB
LML2GY LN XXL,BULWB
LML2GY RG 3XL,BULWB
LML2GY RG L,BULWB
LML2GY RG M,BULWB
LML2GY RG S,BULWB
LML2GY RG XL,BULWB
LML2GY RG XXL,BULWB
LML6NV LN L,BULWB
LML6NV LN M,BULWB
LML6NV LN XL,BULWB
LML6NV LN XXL,BULWB
LML6NV RG 3XL,BULWB
LML6NV RG L,BULWB
LML6NV RG M,BULWB
LML6NV RG S,BULWB
LML6NV RG XL,BULWB
LML6NV RG XXL,BULWB
LMS6NV LN L,BULWB
LMS6NV LN M,BULWB
LMS6NV LN XL,BULWB
LMS6NV LN XXL,BULWB
LMS6NV RG 3XL,BULWB
LMS6NV RG L,BULWB
LMS6NV RG M,BULWB
LMS6NV RG S,BULWB
LMS6NV RG XL,BULWB
LMS6NV RG XXL,BULWB
LN30,REDUP
LNL2NV LN L,BULWB
LNL2NV LN M,BULWB
LNL2NV LN XL,BULWB
LNL2NV LN XXL,BULWB
LNL2NV RG 3XL,BULWB
LNL2NV RG L,BULWB
LNL2NV RG M,BULWB
LNL2NV RG S,BULWB
LNL2NV RG XL,BULWB
LNL2NV RG XXL,BULWB
LNS2NV LN L,BULWB
LNS2NV LN M,BULWB
LNS2NV LN XL,BULWB
LNS2NV LN XXL,BULWB
LNS2NV RG 3XL,BULWB
LNS2NV RG L,BULWB
LNS2NV RG M,BULWB
LNS2NV RG S,BULWB
LNS2NV RG XL,BULWB
LNS2NV RG XXL,BULWB
MPU4GY SS 3XL,BULWB
MPU4GY SS 4XL,BULWB
MPU4GY SS 5XL,BULWB
MPU4GY SS L,BULWB
MPU4GY SS M,BULWB
MPU4GY SS S,BULWB
MPU4GY SS XL,BULWB
MPU4GY SS XXL,BULWB
MPU8GY RG 3XL,BULWB
MPU8GY RG 4XL,BULWB
MPU8GY RG 5XL,BULWB
MPU8GY RG L,BULWB
MPU8GY RG M,BULWB
MPU8GY RG S,BULWB
MPU8GY RG XL,BULWB
MPU8GY RG XXL,BULWB
NP12,CHEXJ
PC20,REDUP
PC20EN,REDUP
PC20ENBT,REDUP
PC44,REDUP
PC45,REDVH
PC45P,REDVH
PC46,REDUP
PC54,CHEXJ
PC76,REDUP
PC80,REDUP
PC86,REDUP
PD30,REDUP
PD40,REDUP
PD52,REDUP
PD54,REDUP
PD60,REDUP
PD63,REDVH
PD63P,REDVH
PD80,REDUP
PEJ2DD 28 30,BULWB
PEJ2DD 28 32,BULWB
PEJ2DD 28 34,BULWB
PEJ2DD 30 30,BULWB
PEJ2DD 30 32,BULWB
PEJ2DD 30 34,BULWB
PEJ2DD 32 30,BULWB
PEJ2DD 32 34,BULWB
PEJ2DD 34 30,BULWB
PEJ2DD 34 32,BULWB
PEJ2DD 34 34,BULWB
PEJ2DD 36 30,BULWB
PEJ2DD 36 32,BULWB
PEJ2DD 36 34,BULWB
PEJ2DD 38 30,BULWB
PEJ2DD 38 32,BULWB
PEJ2DD 38 34,BULWB
PEJ2DD 40 30,BULWB
PEJ2DD 40 32,BULWB
PEJ2DD 40 34,BULWB
PEJ2DD 42 30,BULWB
PEJ2DD 42 32,BULWB
PEJ2DD 42 34,BULWB
PEJ2DD 44 30,BULWB
PEJ2DD 44 32,BULWB
PEJ2DD 44 34,BULWB
PEJ2DD 46 30,BULWB
PEJ2DD 46 32,BULWB
PEJ2DD 46 34,BULWB
PEJ2DD 48 30,BULWB
PEJ2DD 48 32,BULWB
PEJ2DD 48 34,BULWB
PEJ2DD 50 30,BULWB
PEJ2DD 50 32,BULWB
PEJ2DD 50 34,BULWB
PEJ2NV 28 30,BULWB
PEJ2NV 28 32,BULWB
PEJ2NV 28 34,BULWB
PEJ2NV 30 30,BULWB
PEJ2NV 30 32,BULWB
PEJ2NV 30 34,BULWB
PEJ2NV 32 30,BULWB
PEJ2NV 32 34,BULWB
PEJ2NV 34 30,BULWB
PEJ2NV 34 32,BULWB
PEJ2NV 34 34,BULWB
PEJ2NV 36 30,BULWB
PEJ2NV 36 32,BULWB
PEJ2NV 36 34,BULWB
PEJ2NV 38 30,BULWB
PEJ2NV 38 32,BULWB
PEJ2NV 38 34,BULWB
PEJ2NV 40 30,BULWB
PEJ2NV 40 32,BULWB
PEJ2NV 40 34,BULWB
PEJ2NV 42 30,BULWB
PEJ2NV 42 32,BULWB
PEJ2NV 42 34,BULWB
PEJ2NV 44 30,BULWB
PEJ2NV 44 32,BULWB
PEJ2NV 44 34,BULWB
PEJ2NV 46 30,BULWB
PEJ2NV 46 32,BULWB
PEJ2NV 46 34,BULWB
PEJ2NV 48 30,BULWB
PEJ2NV 48 32,BULWB
PEJ2NV 48 34,BULWB
PEJ2NV 50 30,BULWB
PEJ2NV 50 32,BULWB
PEJ2NV 50 34,BULWB
PEJ3DW 06 32,BULWC
PEJ3DW 08 32,BULWC
PEJ3DW 12 32,BULWC
PEJ3DW 16 32,BULWC
PEJ4DW 28 30,BULWB
PEJ4DW 28 32,BULWB
PEJ4DW 28 34,BULWB
PEJ4DW 30 30,BULWB
PEJ4DW 30 32,BULWB
PEJ4DW 30 34,BULWB
PEJ4DW 31 30,BULWB
PEJ4DW 31 32,BULWB
PEJ4DW 31 34,BULWB
PEJ4DW 32 30,BULWB
PEJ4DW 32 32,BULWB
PEJ4DW 32 34,BULWB
PEJ4DW 33 30,BULWB
PEJ4DW 33 32,BULWB
PEJ4DW 33 34,BULWB
PEJ4DW 34 30,BULWB
PEJ4DW 34 32,BULWB
PEJ4DW 34 34,BULWB
PEJ4DW 35 30,BULWB
PEJ4DW 35 32,BULWB
PEJ4DW 35 34,BULWB
PEJ4DW 36 30,BULWB
PEJ4DW 36 32,BULWB
PEJ4DW 36 34,BULWB
PEJ4DW 38 30,BULWB
PEJ4DW 38 32,BULWB
PEJ4DW 38 34,BULWB
PEJ4DW 40 30,BULWB
PEJ4DW 40 32,BULWB
PEJ4DW 40 34,BULWB
PEJ4DW 42 30,BULWB
PEJ4DW 42 32,BULWB
PEJ4DW 42 34,BULWB
PEJ4DW 44 30,BULWB
PEJ4DW 44 32,BULWB
PEJ4DW 44 34,BULWB
PEJ4DW 46 30,BULWB
PEJ4DW 46 32,BULWB
PEJ4DW 46 34,BULWB
PEJ4DW 48 30,BULWB
PEJ4DW 48 32,BULWB
PEJ4DW 48 34,BULWB
PEJ4DW 50 30,BULWB
PEJ4DW 50 32,BULWB
PEJ4DW 50 34,BULWB
PEJ6SW 28 30,BULWB
PEJ6SW 28 32,BULWB
PEJ6SW 28 34,BULWB
PEJ6SW 30 30,BULWB
PEJ6SW 30 32,BULWB
PEJ6SW 30 34,BULWB
PEJ6SW 31 30,BULWB
PEJ6SW 31 32,BULWB
PEJ6SW 31 34,BULWB
PEJ6SW 32 30,BULWB
PEJ6SW 32 32,BULWB
PEJ6SW 32 34,BULWB
PEJ6SW 33 30,BULWB
PEJ6SW 33 32,BULWB
PEJ6SW 33 34,BULWB
PEJ6SW 34 30,BULWB
PEJ6SW 34 32,BULWB
PEJ6SW 34 34,BULWB
PEJ6SW 35 30,BULWB
PEJ6SW 35 32,BULWB
PEJ6SW 35 34,BULWB
PEJ6SW 36 30,BULWB
PEJ6SW 36 32,BULWB
PEJ6SW 36 34,BULWB
PEJ6SW 38 30,BULWB
PEJ6SW 38 32,BULWB
PEJ6SW 38 34,BULWB
PEJ6SW 40 30,BULWB
PEJ6SW 40 32,BULWB
PEJ6SW 40 34,BULWB
PEJ6SW 42 30,BULWB
PEJ6SW 42 32,BULWB
PEJ6SW 42 34,BULWB
PEJ6SW 44 30,BULWB
PEJ6SW 44 32,BULWB
PEJ6SW 44 34,BULWB
PEJ6SW 46 30,BULWB
PEJ6SW 46 32,BULWB
PEJ6SW 46 34,BULWB
PEJ6SW 48 30,BULWB
PEJ6SW 48 32,BULWB
PEJ6SW 48 34,BULWB
PEJ6SW 50 30,BULWB
PEJ6SW 50 32,BULWB
PEJ6SW 50 34,BULWB
PEJ8DW 28 30,BULWB
PEJ8DW 28 32,BULWB
PEJ8DW 28 34,BULWB
PEJ8DW 30 30,BULWB
PEJ8DW 30 32,BULWB
PEJ8DW 30 34,BULWB
PEJ8DW 32 30,BULWB
PEJ8DW 32 32,BULWB
PEJ8DW 32 34,BULWB
PEJ8DW 34 30,BULWB
PEJ8DW 34 32,BULWB
PEJ8DW 34 34,BULWB
PEJ8DW 36 30,BULWB
PEJ8DW 36 32,BULWB
PEJ8DW 36 34,BULWB
PEJ8DW 38 30,BULWB
PEJ8DW 38 32,BULWB
PEJ8DW 38 34,BULWB
PEJ8DW 40 30,BULWB
PEJ8DW 40 32,BULWB
PEJ8DW 40 34,BULWB
PEJ8DW 42 30,BULWB
PEJ8DW 42 32,BULWB
PEJ8DW 42 34,BULWB
PEJ8DW 44 30,BULWB
PEJ8DW 44 32,BULWB
PEJ8DW 44 34,BULWB
PEJ8DW 46 30,BULWB
PEJ8DW 46 32,BULWB
PEJ8DW 46 34,BULWB
PEJ8DW 48 30,BULWB
PEJ8DW 48 32,BULWB
PEJ8DW 48 34,BULWB
PEJ8DW 50 30,BULWB
PEJ8DW 50 32,BULWB
PEJ8DW 50 34,BULWB
PEJ8SW 30 30,BULWB
PEJ8SW 30 32,BULWB
PEJ8SW 30 34,BULWB
PEJ8SW 32 30,BULWB
PEJ8SW 32 32,BULWB
PEJ8SW 32 34,BULWB
PEJ8SW 34 30,BULWB
PEJ8SW 34 32,BULWB
PEJ8SW 34 34,BULWB
PEJ8SW 36 30,BULWB
PEJ8SW 36 32,BULWB
PEJ8SW 36 34,BULWB
PEJ8SW 38 30,BULWB
PEJ8SW 38 32,BULWB
PEJ8SW 38 34,BULWB
PEJ8SW 40 30,BULWB
PEJ8SW 40 32,BULWB
PEJ8SW 40 34,BULWB
PEJ8SW 42 30,BULWB
PEJ8SW 42 32,BULWB
PEJ8SW 42 34,BULWB
PEJ8SW 44 30,BULWB
PEJ8SW 44 32,BULWB
PEJ8SW 44 34,BULWB
PEJ8SW 46 30,BULWB
PEJ8SW 46 32,BULWB
PEJ8SW 46 34,BULWB
PEJ8SW 48 30,BULWB
PEJ8SW 48 32,BULWB
PEJ8SW 48 34,BULWB
PEJ8SW 50 30,BULWB
PEJ8SW 50 32,BULWB
PEJ8SW 50 34,BULWB
PEJMSD 28 30,BULWB
PEJMSD 28 32,BULWB
PEJMSD 28 34,BULWB
PEJMSD 30 30,BULWB
PEJMSD 30 34,BULWB
PEJMSD 31 30,BULWB
PEJMSD 31 32,BULWB
PEJMSD 31 34,BULWB
PEJMSD 32 30,BULWB
PEJMSD 32 32,BULWB
PEJMSD 32 34,BULWB
PEJMSD 33 30,BULWB
PEJMSD 33 32,BULWB
PEJMSD 33 34,BULWB
PEJMSD 34 32,BULWB
PEJMSD 34 34,BULWB
PEJMSD 35 30,BULWB
PEJMSD 35 34,BULWB
PEJMSD 36 30,BULWB
PEJMSD 36 32,BULWB
PEJMSD 36 34,BULWB
PEJMSD 38 30,BULWB
PEJMSD 38 32,BULWB
PEJMSD 38 34,BULWB
PEJMSD 40 32,BULWB
PEJMSD 40 34,BULWB
PEJMSD 42 30,BULWB
PEJMSD 42 32,BULWB
PEJMSD 42 34,BULWB
PEJMSD 44 30,BULWB
PEJMSD 44 32,BULWB
PEJMSD 44 34,BULWB
PEJMSD 46 30,BULWB
PEJMSD 46 32,BULWB
PEJMSD 46 34,BULWB
PEJMSD 48 30,BULWB
PEJMSD 48 32,BULWB
PEJMSD 48 34,BULWB
PEJMSD 50 30,BULWB
PEJMSD 50 32,BULWB
PEJMSD 50 34,BULWB
PEJWSD 06 30,BULWC
PEJWSD 10 30,BULWC
PEW2CH 28 30,BULWB
PEW2CH 28 34,BULWB
PEW2CH 29 32,BULWB
PEW2CH 29 34,BULWB
PEW2CH 30 30,BULWB
PEW2CH 30 32,BULWB
PEW2CH 30 34,BULWB
PEW2CH 31 30,BULWB
PEW2CH 31 32,BULWB
PEW2CH 31 34,BULWB
PEW2CH 32 30,BULWB
PEW2CH 32 32,BULWB
PEW2CH 32 34,BULWB
PEW2CH 33 30,BULWB
PEW2CH 33 32,BULWB
PEW2CH 33 34,BULWB
PEW2CH 34 30,BULWB
PEW2CH 34 32,BULWB
PEW2CH 34 34,BULWB
PEW2CH 36 30,BULWB
PEW2CH 36 32,BULWB
PEW2CH 36 34,BULWB
PEW2CH 38 30,BULWB
PEW2CH 38 32,BULWB
PEW2CH 38 34,BULWB
PEW2CH 40 30,BULWB
PEW2CH 40 32,BULWB
PEW2CH 40 34,BULWB
PEW2CH 42 30,BULWB
PEW2CH 42 32,BULWB
PEW2CH 42 34,BULWB
PEW2CH 44 30,BULWB
PEW2CH 44 32,BULWB
PEW2CH 44 34,BULWB
PEW2CH 46 30,BULWB
PEW2CH 46 32,BULWB
PEW2CH 46 34,BULWB
PEW2CH 48 30,BULWB
PEW2CH 48 32,BULWB
PEW2CH 48 34,BULWB
PEW2CH 50 30,BULWB
PEW2CH 50 32,BULWB
PEW2CH 50 34,BULWB
PEW2KH 28 30,BULWB
PEW2KH 28 32,BULWB
PEW2KH 28 34,BULWB
PEW2KH 29 30,BULWB
PEW2KH 29 32,BULWB
PEW2KH 29 34,BULWB
PEW2KH 30 30,BULWB
PEW2KH 30 32,BULWB
PEW2KH 30 34,BULWB
PEW2KH 31 30,BULWB
PEW2KH 31 32,BULWB
PEW2KH 31 34,BULWB
PEW2KH 32 30,BULWB
PEW2KH 32 32,BULWB
PEW2KH 32 34,BULWB
PEW2KH 33 30,BULWB
PEW2KH 33 32,BULWB
PEW2KH 33 34,BULWB
PEW2KH 34 30,BULWB
PEW2KH 34 34,BULWB
PEW2KH 36 30,BULWB
PEW2KH 36 32,BULWB
PEW2KH 36 34,BULWB
PEW2KH 38 30,BULWB
PEW2KH 38 32,BULWB
PEW2KH 38 34,BULWB
PEW2KH 40 30,BULWB
PEW2KH 40 32,BULWB
PEW2KH 40 34,BULWB
PEW2KH 42 30,BULWB
PEW2KH 42 32,BULWB
PEW2KH 42 34,BULWB
PEW2KH 44 30,BULWB
PEW2KH 44 32,BULWB
PEW2KH 44 34,BULWB
PEW2KH 46 30,BULWB
PEW2KH 46 32,BULWB
PEW2KH 46 34,BULWB
PEW2KH 48 30,BULWB
PEW2KH 48 32,BULWB
PEW2KH 48 34,BULWB
PEW2KH 50 30,BULWB
PEW2KH 50 32,BULWB
PEW2KH 50 34,BULWB
PEW2NV 28 30,BULWB
PEW2NV 28 32,BULWB
PEW2NV 29 32,BULWB
PEW2NV 29 34,BULWB
PEW2NV 30 30,BULWB
PEW2NV 30 32,BULWB
PEW2NV 30 34,BULWB
PEW2NV 31 30,BULWB
PEW2NV 31 32,BULWB
PEW2NV 31 34,BULWB
PEW2NV 32 30,BULWB
PEW2NV 32 32,BULWB
PEW2NV 32 34,BULWB
PEW2NV 33 30,BULWB
PEW2NV 33 32,BULWB
PEW2NV 33 34,BULWB
PEW2NV 34 30,BULWB
PEW2NV 34 31,BULWB
PEW2NV 34 32,BULWB
PEW2NV 34 33,BULWB
PEW2NV 34 34,BULWB
PEW2NV 35 30,BULWB
PEW2NV 35 32,BULWB
PEW2NV 35 34,BULWB
PEW2NV 36 30,BULWB
PEW2NV 36 31,BULWB
PEW2NV 36 32,BULWB
PEW2NV 36 33,BULWB
PEW2NV 36 34,BULWB
PEW2NV 38 30,BULWB
PEW2NV 38 31,BULWB
PEW2NV 38 32,BULWB
PEW2NV 38 33,BULWB
PEW2NV 38 34,BULWB
PEW2NV 40 30,BULWB
PEW2NV 40 32,BULWB
PEW2NV 40 34,BULWB
PEW2NV 42 30,BULWB
PEW2NV 42 32,BULWB
PEW2NV 42 34,BULWB
PEW2NV 44 30,BULWB
PEW2NV 44 32,BULWB
PEW2NV 44 34,BULWB
PEW2NV 46 30,BULWB
PEW2NV 46 32,BULWB
PEW2NV 46 34,BULWB
PEW2NV 48 30,BULWB
PEW2NV 48 32,BULWB
PEW2NV 48 34,BULWB
PEW2NV 50 30,BULWB
PEW2NV 50 32,BULWB
PEW2NV 50 34,BULWB
PEW2NV 52 30,BULWB
PEW2NV 52 32,BULWB
PEW2NV 52 34,BULWB
PEW2VG 28 30,BULWB
PEW2VG 28 32,BULWB
PEW2VG 28 34,BULWB
PEW2VG 29 30,BULWB
PEW2VG 29 32,BULWB
PEW2VG 29 34,BULWB
PEW2VG 30 32,BULWB
PEW2VG 30 34,BULWB
PEW2VG 31 30,BULWB
PEW2VG 31 32,BULWB
PEW2VG 31 34,BULWB
PEW2VG 32 30,BULWB
PEW2VG 32 32,BULWB
PEW2VG 32 34,BULWB
PEW2VG 33 30,BULWB
PEW2VG 33 32,BULWB
PEW2VG 33 34,BULWB
PEW2VG 34 30,BULWB
PEW2VG 34 32,BULWB
PEW2VG 34 34,BULWB
PEW2VG 36 30,BULWB
PEW2VG 36 32,BULWB
PEW2VG 36 34,BULWB
PEW2VG 38 30,BULWB
PEW2VG 38 32,BULWB
PEW2VG 38 34,BULWB
PEW2VG 40 30,BULWB
PEW2VG 40 32,BULWB
PEW2VG 40 34,BULWB
PEW2VG 42 30,BULWB
PEW2VG 42 34,BULWB
PEW2VG 44 30,BULWB
PEW2VG 46 30,BULWB
PEW2VG 46 32,BULWB
PEW2VG 46 34,BULWB
PEW2VG 48 30,BULWB
PEW2VG 48 32,BULWB
PEW2VG 48 34,BULWB
PEW2VG 50 30,BULWB
PEW2VG 50 32,BULWB
PEW2VG 50 34,BULWB
PLJ8BD 28 30,BULWB
PLJ8BD 28 32,BULWB
PLJ8BD 28 34,BULWB
PLJ8BD 30 30,BULWB
PLJ8BD 30 32,BULWB
PLJ8BD 30 34,BULWB
PLJ8BD 32 30,BULWB
PLJ8BD 32 32,BULWB
PLJ8BD 32 34,BULWB
PLJ8BD 34 30,BULWB
PLJ8BD 34 32,BULWB
PLJ8BD 34 34,BULWB
PLJ8BD 36 30,BULWB
PLJ8BD 36 32,BULWB
PLJ8BD 36 34,BULWB
PLJ8BD 38 30,BULWB
PLJ8BD 38 32,BULWB
PLJ8BD 38 34,BULWB
PLJ8BD 40 30,BULWB
PLJ8BD 40 32,BULWB
PLJ8BD 40 34,BULWB
PLJ8BD 42 30,BULWB
PLJ8BD 42 34,BULWB
PLJ8BD 44 30,BULWB
PLJ8BD 44 32,BULWB
PLJ8BD 44 34,BULWB
PLJ8BD 46 30,BULWB
PLJ8BD 46 32,BULWB
PLJ8BD 46 34,BULWB
PLJ8BD 48 30,BULWB
PLJ8BD 48 32,BULWB
PLJ8BD 48 34,BULWB
PLJ8BD 50 30,BULWB
PLJ8BD 50 32,BULWB
PLJ8BD 50 34,BULWB
PLJ8NV 28 30,BULWB
PLJ8NV 28 32,BULWB
PLJ8NV 28 34,BULWB
PLJ8NV 30 30,BULWB
PLJ8NV 30 32,BULWB
PLJ8NV 30 34,BULWB
PLJ8NV 32 30,BULWB
PLJ8NV 32 32,BULWB
PLJ8NV 32 34,BULWB
PLJ8NV 34 30,BULWB
PLJ8NV 34 32,BULWB
PLJ8NV 34 34,BULWB
PLJ8NV 36 30,BULWB
PLJ8NV 36 32,BULWB
PLJ8NV 36 34,BULWB
PLJ8NV 38 30,BULWB
PLJ8NV 38 32,BULWB
PLJ8NV 38 34,BULWB
PLJ8NV 40 30,BULWB
PLJ8NV 40 32,BULWB
PLJ8NV 40 34,BULWB
PLJ8NV 42 30,BULWB
PLJ8NV 42 32,BULWB
PLJ8NV 42 34,BULWB
PLJ8NV 44 30,BULWB
PLJ8NV 44 32,BULWB
PLJ8NV 44 34,BULWB
PLJ8NV 46 30,BULWB
PLJ8NV 46 32,BULWB
PLJ8NV 46 34,BULWB
PLJ8NV 48 30,BULWB
PLJ8NV 48 32,BULWB
PLJ8NV 48 34,BULWB
PLJ8NV 50 30,BULWB
PLJ8NV 50 32,BULWB
PLJ8NV 50 34,BULWB
PLJ8OL 28 30,BULWB
PLJ8OL 28 32,BULWB
PLJ8OL 28 34,BULWB
PLJ8OL 30 30,BULWB
PLJ8OL 30 32,BULWB
PLJ8OL 30 34,BULWB
PLJ8OL 32 30,BULWB
PLJ8OL 32 32,BULWB
PLJ8OL 32 34,BULWB
PLJ8OL 34 30,BULWB
PLJ8OL 34 32,BULWB
PLJ8OL 34 34,BULWB
PLJ8OL 36 30,BULWB
PLJ8OL 36 32,BULWB
PLJ8OL 36 34,BULWB
PLJ8OL 38 30,BULWB
PLJ8OL 38 32,BULWB
PLJ8OL 38 34,BULWB
PLJ8OL 40 30,BULWB
PLJ8OL 40 32,BULWB
PLJ8OL 40 34,BULWB
PLJ8OL 42 30,BULWB
PLJ8OL 42 32,BULWB
PLJ8OL 42 34,BULWB
PLJ8OL 44 30,BULWB
PLJ8OL 44 32,BULWB
PLJ8OL 44 34,BULWB
PLJ8OL 46 30,BULWB
PLJ8OL 46 32,BULWB
PLJ8OL 46 34,BULWB
PLJ8OL 48 30,BULWB
PLJ8OL 48 32,BULWB
PLJ8OL 48 34,BULWB
PLJ8OL 50 30,BULWB
PLJ8OL 50 32,BULWB
PLJ8OL 50 34,BULWB
PLW2NV 28 30,BULWB
PLW2NV 28 32,BULWB
PLW2NV 28 34,BULWB
PLW2NV 29 30,BULWB
PLW2NV 29 32,BULWB
PLW2NV 29 34,BULWB
PLW2NV 30 30,BULWB
PLW2NV 30 32,BULWB
PLW2NV 30 34,BULWB
PLW2NV 31 30,BULWB
PLW2NV 31 32,BULWB
PLW2NV 31 34,BULWB
PLW2NV 32 30,BULWB
PLW2NV 32 32,BULWB
PLW2NV 32 34,BULWB
PLW2NV 33 30,BULWB
PLW2NV 33 32,BULWB
PLW2NV 33 34,BULWB
PLW2NV 34 30,BULWB
PLW2NV 34 32,BULWB
PLW2NV 34 34,BULWB
PLW2NV 36 30,BULWB
PLW2NV 36 32,BULWB
PLW2NV 36 34,BULWB
PLW2NV 38 30,BULWB
PLW2NV 38 32,BULWB
PLW2NV 38 34,BULWB
PLW2NV 40 30,BULWB
PLW2NV 40 32,BULWB
PLW2NV 40 34,BULWB
PLW2NV 42 30,BULWB
PLW2NV 42 32,BULWB
PLW2NV 42 34,BULWB
PLW2NV 44 30,BULWB
PLW2NV 44 32,BULWB
PLW2NV 44 34,BULWB
PLW2NV 46 30,BULWB
PLW2NV 46 32,BULWB
PLW2NV 48 30,BULWB
PLW2NV 48 32,BULWB
PLW2NV 48 34,BULWB
PLW2NV 50 30,BULWB
PLW2NV 50 32,BULWB
PLW2NV 50 34,BULWB
PMU2NV 28 30,BULWB
PMU2NV 28 32,BULWB
PMU2NV 28 34,BULWB
PMU2NV 29 30,BULWB
PMU2NV 29 32,BULWB
PMU2NV 29 34,BULWB
PMU2NV 30 32,BULWB
PMU2NV 31 30,BULWB
PMU2NV 31 32,BULWB
PMU2NV 31 34,BULWB
PMU2NV 32 30,BULWB
PMU2NV 32 32,BULWB
PMU2NV 32 34,BULWB
PMU2NV 33 30,BULWB
PMU2NV 33 32,BULWB
PMU2NV 33 34,BULWB
PMU2NV 34 30,BULWB
PMU2NV 34 32,BULWB
PMU2NV 34 34,BULWB
PMU2NV 35 30,BULWB
PMU2NV 35 32,BULWB
PMU2NV 35 34,BULWB
PMU2NV 36 30,BULWB
PMU2NV 36 32,BULWB
PMU2NV 36 34,BULWB
PMU2NV 38 30,BULWB
PMU2NV 38 32,BULWB
PMU2NV 38 34,BULWB
PMU2NV 40 30,BULWB
PMU2NV 40 32,BULWB
PMU2NV 40 34,BULWB
PMU2NV 42 30,BULWB
PMU2NV 42 32,BULWB
PMU2NV 42 34,BULWB
PMU2NV 44 32,BULWB
PMU2NV 46 30,BULWB
PMU2NV 46 32,BULWB
PMU2NV 46 34,BULWB
PMU2NV 48 30,BULWB
PMU2NV 48 32,BULWB
PMU2NV 48 34,BULWB
PMU2NV 50 30,BULWB
PMU2NV 50 32,BULWB
PMU2NV 50 34,BULWB
PMU2NV 52 30,BULWB
PMU2NV 52 32,BULWB
PMU2NV 52 34,BULWB
PMW4KH 28 30,BULWB
PMW4KH 28 32,BULWB
PMW4KH 28 34,BULWB
PMW4KH 30 30,BULWB
PMW4KH 30 32,BULWB
PMW4KH 32 30,BULWB
PMW4KH 32 32,BULWB
PMW4KH 32 34,BULWB
PMW4KH 34 30,BULWB
PMW4KH 34 32,BULWB
PMW4KH 34 34,BULWB
PMW4KH 36 30,BULWB
PMW4KH 36 32,BULWB
PMW4KH 36 34,BULWB
PMW4KH 38 30,BULWB
PMW4KH 38 32,BULWB
PMW4KH 38 34,BULWB
PMW4KH 40 30,BULWB
PMW4KH 40 32,BULWB
PMW4KH 40 34,BULWB
PMW4KH 42 30,BULWB
PMW4KH 42 32,BULWB
PMW4KH 42 34,BULWB
PMW4KH 44 30,BULWB
PMW4KH 44 32,BULWB
PMW4KH 44 34,BULWB
PMW4KH 46 30,BULWB
PMW4KH 46 32,BULWB
PMW4KH 46 34,BULWB
PMW4KH 48 30,BULWB
PMW4KH 48 32,BULWB
PMW4KH 48 34,BULWB
PMW4KH 50 30,BULWB
PMW4KH 50 32,BULWB
PMW4KH 50 34,BULWB
PMW4NV 28 30,BULWB
PMW4NV 28 32,BULWB
PMW4NV 28 34,BULWB
PMW4NV 30 30,BULWB
PMW4NV 30 32,BULWB
PMW4NV 30 34,BULWB
PMW4NV 32 30,BULWB
PMW4NV 32 32,BULWB
PMW4NV 32 34,BULWB
PMW4NV 34 30,BULWB
PMW4NV 34 32,BULWB
PMW4NV 34 34,BULWB
PMW4NV 36 30,BULWB
PMW4NV 36 32,BULWB
PMW4NV 36 34,BULWB
PMW4NV 38 32,BULWB
PMW4NV 38 34,BULWB
PMW4NV 40 30,BULWB
PMW4NV 40 32,BULWB
PMW4NV 40 34,BULWB
PMW4NV 42 30,BULWB
PMW4NV 42 32,BULWB
PMW4NV 42 34,BULWB
PMW4NV 44 30,BULWB
PMW4NV 44 32,BULWB
PMW4NV 44 34,BULWB
PMW4NV 46 30,BULWB
PMW4NV 46 32,BULWB
PMW4NV 46 34,BULWB
PMW4NV 48 30,BULWB
PMW4NV 48 32,BULWB
PMW4NV 48 34,BULWB
PMW4NV 50 30,BULWB
PMW4NV 50 32,BULWB
PMW4NV 50 34,BULWB
PNJ8RB 28 30,BULWB
PNJ8RB 28 32,BULWB
PNJ8RB 28 34,BULWB
PNJ8RB 30 30,BULWB
PNJ8RB 30 32,BULWB
PNJ8RB 30 34,BULWB
PNJ8RB 32 30,BULWB
PNJ8RB 32 32,BULWB
PNJ8RB 32 34,BULWB
PNJ8RB 34 30,BULWB
PNJ8RB 34 32,BULWB
PNJ8RB 34 34,BULWB
PNJ8RB 36 30,BULWB
PNJ8RB 36 32,BULWB
PNJ8RB 36 34,BULWB
PNJ8RB 38 30,BULWB
PNJ8RB 38 32,BULWB
PNJ8RB 38 34,BULWB
PNJ8RB 40 30,BULWB
PNJ8RB 40 32,BULWB
PNJ8RB 40 34,BULWB
PNJ8RB 42 30,BULWB
PNJ8RB 42 32,BULWB
PNJ8RB 42 34,BULWB
PNJ8RB 44 30,BULWB
PNJ8RB 44 32,BULWB
PNJ8RB 44 34,BULWB
PNJ8RB 46 30,BULWB
PNJ8RB 46 32,BULWB
PNJ8RB 46 34,BULWB
PNJ8RB 48 30,BULWB
PNJ8RB 48 32,BULWB
PNJ8RB 48 34,BULWB
PNJ8RB 50 30,BULWB
PNJ8RB 50 32,BULWB
PNJ8RB 50 34,BULWB
PNW2NV 28 30,BULWB
PNW2NV 28 32,BULWB
PNW2NV 28 34,BULWB
PNW2NV 29 30,BULWB
PNW2NV 29 32,BULWB
PNW2NV 29 34,BULWB
PNW2NV 30 30,BULWB
PNW2NV 30 32,BULWB
PNW2NV 30 34,BULWB
PNW2NV 31 30,BULWB
PNW2NV 31 32,BULWB
PNW2NV 31 34,BULWB
PNW2NV 32 30,BULWB
PNW2NV 32 32,BULWB
PNW2NV 32 34,BULWB
PNW2NV 33 30,BULWB
PNW2NV 33 32,BULWB
PNW2NV 33 34,BULWB
PNW2NV 34 30,BULWB
PNW2NV 34 32,BULWB
PNW2NV 34 34,BULWB
PNW2NV 36 30,BULWB
PNW2NV 36 32,BULWB
PNW2NV 36 34,BULWB
PNW2NV 38 30,BULWB
PNW2NV 38 32,BULWB
PNW2NV 38 34,BULWB
PNW2NV 40 30,BULWB
PNW2NV 40 32,BULWB
PNW2NV 40 34,BULWB
PNW2NV 42 30,BULWB
PNW2NV 42 32,BULWB
PNW2NV 42 34,BULWB
PNW2NV 44 30,BULWB
PNW2NV 44 32,BULWB
PNW2NV 44 34,BULWB
PNW2NV 46 30,BULWB
PNW2NV 46 32,BULWB
PNW2NV 46 34,BULWB
PNW2NV 48 30,BULWB
PNW2NV 48 32,BULWB
PNW2NV 48 34,BULWB
PNW2NV 50 30,BULWB
PNW2NV 50 32,BULWB
PNW2NV 50 34,BULWB
PNW2RB 28 30,BULWB
PNW2RB 28 32,BULWB
PNW2RB 28 34,BULWB
PNW2RB 29 30,BULWB
PNW2RB 29 32,BULWB
PNW2RB 29 34,BULWB
PNW2RB 30 30,BULWB
PNW2RB 30 32,BULWB
PNW2RB 30 34,BULWB
PNW2RB 31 30,BULWB
PNW2RB 31 32,BULWB
PNW2RB 31 34,BULWB
PNW2RB 32 30,BULWB
PNW2RB 32 32,BULWB
PNW2RB 32 34,BULWB
PNW2RB 33 30,BULWB
PNW2RB 33 32,BULWB
PNW2RB 33 34,BULWB
PNW2RB 34 30,BULWB
PNW2RB 34 32,BULWB
PNW2RB 34 34,BULWB
PNW2RB 36 30,BULWB
PNW2RB 36 32,BULWB
PNW2RB 36 34,BULWB
PNW2RB 38 30,BULWB
PNW2RB 38 32,BULWB
PNW2RB 38 34,BULWB
PNW2RB 40 30,BULWB
PNW2RB 40 32,BULWB
PNW2RB 40 34,BULWB
PNW2RB 42 30,BULWB
PNW2RB 42 32,BULWB
PNW2RB 42 34,BULWB
PNW2RB 44 30,BULWB
PNW2RB 44 32,BULWB
PNW2RB 44 34,BULWB
PNW2RB 46 30,BULWB
PNW2RB 46 32,BULWB
PNW2RB 46 34,BULWB
PNW2RB 48 30,BULWB
PNW2RB 48 32,BULWB
PNW2RB 48 34,BULWB
PNW2RB 50 30,BULWB
PNW2RB 50 32,BULWB
PNW2RB 50 34,BULWB
PP73,REDVH
PP73P,REDVH
PS54,CHEXJ
PS56,REDUP
PS64,CHEXJ
PT10,REDUP
PT20,REDUP
PT21,REDVH
PT21P,REDVH
PT26,REDUP
PT27,REDVH
PT27P,REDVH
PT2A,REDUP
PT2C,REDUP
PT32,REDUP
PT34,REDUP
PT38,REDUP
PT39,REDVH
PT39P,REDVH
PT42,REDUP
PT4A,REDUP
PT4C,REDUP
PT50,REDUP
PT55,CHEXJ
PT56,REDUP
PT59,REDVH
PT59P,REDVH
PT60,REDUP
PT61,REDVH
PT61P,REDVH
PT62,REDUP
PT88,REDUP
PT89,REDVH
PZ20,REDUP
PZ33,REDVH
PZ33P,REDVH
QT10,BULWB
QT10BT,BULWB
QT11,BULWC
QT12,BULWB
QT12BT,BULWB
QT20,BULWB
QT20BT,BULWB
QT30,BULWB
QT30BT,BULWB
QT32,BULWB
QT32BT,BULWB
RD60,REDUP
RH10,REDUP
RH20,REDUP
RT30,REDUP
RT32,REDUP
RT32SY,REDUP
SB12,REDUP
SB22,REDUP
SC14,REDUP
SC16,REDUP
SC24,REDUP
SC30,REDUP
SC30-2,REDUP
SC30EG,REDUP
SC30EN,REDUP
SC40,REDUP
SC40DN,REDUP
SC40GG,REDUP
SC40KH,REDUP
SC40LB,REDUP
SC40NV,REDUP
SC40OR,REDUP
SC40PB,REDUP
SC40SG,REDUP
SC40WH,REDUP
SC64NV,REDUP
SC64ST,REDUP
SC70,REDUP
SC74NV,REDUP
SC74ST,REDUP
SD78,REDUP
SEG6KH LN L,BULWB
SEG6KH LN M,BULWB
SEG6KH LN XL,BULWB
SEG6KH LN XXL,BULWB
SEG6KH RG 3XL,BULWB
SEG6KH RG L,BULWB
SEG6KH RG M,BULWB
SEG6KH RG S,BULWB
SEG6KH RG XL,BULWB
SEG6KH RG XXL,BULWB
SEG6LB LN L,BULWB
SEG6LB LN M,BULWB
SEG6LB LN XL,BULWB
SEG6LB LN XXL,BULWB
SEG6LB RG 3XL,BULWB
SEG6LB RG L,BULWB
SEG6LB RG M,BULWB
SEG6LB RG S,BULWB
SEG6LB RG XL,BULWB
SEG6LB RG XXL,BULWB
SEK2NV LN L,BULWB
SEK2NV LN XL,BULWB
SEK2NV LN XXL,BULWB
SEK2NV RG 3XL,BULWB
SEK2NV RG 4XL,BULWB
SEK2NV RG L,BULWB
SEK2NV RG M,BULWB
SEK2NV RG S,BULWB
SEK2NV RG XL,BULWB
SEK2NV RG XXL,BULWB
SEL2GY LN L,BULWB
SEL2GY LN XL,BULWB
SEL2GY LN XXL,BULWB
SEL2GY RG 3XL,BULWB
SEL2GY RG 4XL,BULWB
SEL2GY RG L,BULWB
SEL2GY RG M,BULWB
SEL2GY RG S,BULWB
SEL2GY RG XL,BULWB
SEL2GY RG XXL,BULWB
SEL2KH LN L,BULWB
SEL2KH LN XL,BULWB
SEL2KH LN XXL,BULWB
SEL2KH RG 3XL,BULWB
SEL2KH RG 4XL,BULWB
SEL2KH RG L,BULWB
SEL2KH RG M,BULWB
SEL2KH RG S,BULWB
SEL2KH RG XL,BULWB
SEL2KH RG XXL,BULWB
SEL2LB LN L,BULWB
SEL2LB LN XL,BULWB
SEL2LB LN XXL,BULWB
SEL2LB RG 3XL,BULWB
SEL2LB RG 4XL,BULWB
SEL2LB RG L,BULWB
SEL2LB RG M,BULWB
SEL2LB RG S,BULWB
SEL2LB RG XL,BULWB
SEL2LB RG XXL,BULWB
SEL2NV LN L,BULWB
SEL2NV LN XL,BULWB
SEL2NV LN XXL,BULWB
SEL2NV RG 3XL,BULWB
SEL2NV RG 4XL,BULWB
SEL2NV RG L,BULWB
SEL2NV RG M,BULWB
SEL2NV RG S,BULWB
SEL2NV RG XL,BULWB
SEL2NV RG XXL,BULWB
SEL2OR LN L,BULWB
SEL2OR LN XL,BULWB
SEL2OR LN XXL,BULWB
SEL2OR RG 3XL,BULWB
SEL2OR RG 4XL,BULWB
SEL2OR RG L,BULWB
SEL2OR RG M,BULWB
SEL2OR RG S,BULWB
SEL2OR RG XL,BULWB
SEL2OR RG XXL,BULWB
SEL3NV RG L,BULWC
SEL3NV RG M,BULWC
SEL3NV RG XL,BULWC
SES2RB LN L,BULWB
SES2RB LN M,BULWB
SES2RB LN XL,BULWB
SES2RB LN XXL,BULWB
SES2RB RG 3XL,BULWB
SES2RB RG L,BULWB
SES2RB RG M,BULWB
SES2RB RG S,BULWB
SES2RB RG XL,BULWB
SES2RB RG XXL,BULWB
SES2TN LN L,BULWB
SES2TN LN M,BULWB
SES2TN LN XL,BULWB
SES2TN LN XXL,BULWB
SES2TN RG 3XL,BULWB
SES2TN RG L,BULWB
SES2TN RG M,BULWB
SES2TN RG S,BULWB
SES2TN RG XL,BULWB
SES2TN RG XXL,BULWB
SET2GY RG 3XL,BULWB
SET2GY RG 4XL,BULWB
SET2GY RG L,BULWB
SET2GY RG M,BULWB
SET2GY RG S,BULWB
SET2GY RG XL,BULWB
SET2GY RG XXL,BULWB
SET8GY SS 3XL,BULWB
SET8GY SS 4XL,BULWB
SET8GY SS 5XL,BULWB
SET8GY SS L,BULWB
SET8GY SS M,BULWB
SET8GY SS S,BULWB
SET8GY SS XL,BULWB
SET8GY SS XXL,BULWB
SET8GY SSL L,BULWB
SET8GY SSL XL,BULWB
SET8GY SSL XXL,BULWB
SET8NV SS 3XL,BULWB
SET8NV SS 4XL,BULWB
SET8NV SS L,BULWB
SET8NV SS M,BULWB
SET8NV SS S,BULWB
SET8NV SS XL,BULWB
SET8NV SS XXL,BULWB
SET8NV SSL L,BULWB
SET8NV SSL XL,BULWB
SET8NV SSL XXL,BULWB
SEU2WB LN L,BULWB
SEU2WB LN M,BULWB
SEU2WB LN XL,BULWB
SEU2WB LN XXL,BULWB
SEU2WB RG 3XL,BULWB
SEU2WB RG L,BULWB
SEU2WB RG M,BULWB
SEU2WB RG S,BULWB
SEU2WB RG XL,BULWB
SEU2WB RG XXL,BULWB
SEW2KH LN L,BULWB
SEW2KH LN M,BULWB
SEW2KH LN XL,BULWB
SEW2KH LN XXL,BULWB
SEW2KH RG 3XL,BULWB
SEW2KH RG L,BULWB
SEW2KH RG M,BULWB
SEW2KH RG S,BULWB
SEW2KH RG XL,BULWB
SEW2KH RG XXL,BULWB
SEW2LB LN L,BULWB
SEW2LB LN M,BULWB
SEW2LB LN XL,BULWB
SEW2LB LN XXL,BULWB
SEW2LB RG 3XL,BULWB
SEW2LB RG L,BULWB
SEW2LB RG M,BULWB
SEW2LB RG S,BULWB
SEW2LB RG XL,BULWB
SEW2LB RG XXL,BULWB
SEW2NV LN L,BULWB
SEW2NV LN M,BULWB
SEW2NV LN XL,BULWB
SEW2NV LN XXL,BULWB
SEW2NV RG 3XL,BULWB
SEW2NV RG L,BULWB
SEW2NV RG M,BULWB
SEW2NV RG S,BULWB
SEW2NV RG XL,BULWB
SEW2NV RG XXL,BULWB
SEW2SY LN L,BULWB
SEW2SY LN M,BULWB
SEW2SY LN XL,BULWB
SEW2SY LN XXL,BULWB
SEW2SY RG 3XL,BULWB
SEW2SY RG L,BULWB
SEW2SY RG M,BULWB
SEW2SY RG S,BULWB
SEW2SY RG XL,BULWB
SEW2SY RG XXL,BULWB
SH10,REDUP
SH20,REDUP
SK02,REDUP
SK08,REDUP
SK11,REDVH
SK11P,REDVH
SK14,REDUP
SK28,REDUP
SK50,REDUP
SK52,REDUP
SK58,REDUP
SK72,REDUP
SK80,REDUP
SK80BT,REDUP
SK81,REDVH
SK81BT,REDVH
SK82,REDUP
SK90,REDUP
SK90BT,REDUP
SK91,REDVH
SK91BT,REDVH
SK92,REDUP
SK92BT,REDUP
SK94,REDUP
SL10,REDUP
SL20,REDUP
SL50,REDUP
SL60,REDUP
SLD6,BULWB
SLD6BT,BULWB
SLG8HN LN L,BULWB
SLG8HN LN M,BULWB
SLG8HN LN XL,BULWB
SLG8HN LN XXL,BULWB
SLG8HN RG 3XL,BULWB
SLG8HN RG L,BULWB
SLG8HN RG M,BULWB
SLG8HN RG S,BULWB
SLG8HN RG XL,BULWB
SLG8HN RG XXL,BULWB
SLG8RK LN L,BULWB
SLG8RK LN M,BULWB
SLG8RK LN XL,BULWB
SLG8RK LN XXL,BULWB
SLG8RK RG 3XL,BULWB
SLG8RK RG L,BULWB
SLG8RK RG S,BULWB
SLG8RK RG XL,BULWB
SLG8RK RG XXL,BULWB
SLS2LB LN L,BULWB
SLS2LB LN M,BULWB
SLS2LB LN XL,BULWB
SLS2LB LN XXL,BULWB
SLS2LB RG 3XL,BULWB
SLS2LB RG L,BULWB
SLS2LB RG M,BULWB
SLS2LB RG S,BULWB
SLS2LB RG XL,BULWB
SLS2LB RG XXL,BULWB
SLU2KH LN L,BULWB
SLU2KH LN M,BULWB
SLU2KH LN XL,BULWB
SLU2KH LN XXL,BULWB
SLU2KH RG 3XL,BULWB
SLU2KH RG L,BULWB
SLU2KH RG M,BULWB
SLU2KH RG S,BULWB
SLU2KH RG XL,BULWB
SLU2KH RG XXL,BULWB
SLU2LB LN L,BULWB
SLU2LB LN M,BULWB
SLU2LB LN XL,BULWB
SLU2LB LN XXL,BULWB
SLU2LB RG 3XL,BULWB
SLU2LB RG L,BULWB
SLU2LB RG M,BULWB
SLU2LB RG S,BULWB
SLU2LB RG XL,BULWB
SLU2LB RG XXL,BULWB
SLU2NV LN L,BULWB
SLU2NV LN M,BULWB
SLU2NV LN XL,BULWB
SLU2NV LN XXL,BULWB
SLU2NV RG 3XL,BULWB
SLU2NV RG L,BULWB
SLU2NV RG M,BULWB
SLU2NV RG S,BULWB
SLU2NV RG XL,BULWB
SLU2NV RG XXL,BULWB
SLU2RB LN L,BULWB
SLU2RB LN M,BULWB
SLU2RB LN XL,BULWB
SLU2RB LN XXL,BULWB
SLU2RB RG 3XL,BULWB
SLU2RB RG L,BULWB
SLU2RB RG M,BULWB
SLU2RB RG S,BULWB
SLU2RB RG XL,BULWB
SLU2RB RG XXL,BULWB
SLU2SY LN L,BULWB
SLU2SY LN M,BULWB
SLU2SY LN XL,BULWB
SLU2SY LN XXL,BULWB
SLU2SY RG 3XL,BULWB
SLU2SY RG L,BULWB
SLU2SY RG M,BULWB
SLU2SY RG S,BULWB
SLU2SY RG XL,BULWB
SLU2SY RG XXL,BULWB
SLU3KH RG L,BULWB
SLU3KH RG M,BULWB
SLU3KH RG S,BULWB
SLU3KH RG XL,BULWB
SLU4,BULWB
SLU4BT,BULWB
SLU6CY LN L,BULWB
SLU6CY LN XL,BULWB
SLU6CY LN XXL,BULWB
SLU6CY RG 3XL,BULWB
SLU6CY RG L,BULWB
SLU6CY RG M,BULWB
SLU6CY RG XL,BULWB
SLU6CY RG XXL,BULWB
SLU8GY LN L,BULWB
SLU8GY LN XL,BULWB
SLU8GY LN XXL,BULWB
SLU8GY RG 3XL,BULWB
SLU8GY RG L,BULWB
SLU8GY RG M,BULWB
SLU8GY RG S,BULWB
SLU8GY RG XL,BULWB
SLU8GY RG XXL,BULWB
SLU8KH LN L,BULWB
SLU8KH LN XL,BULWB
SLU8KH LN XXL,BULWB
SLU8KH RG 3XL,BULWB
SLU8KH RG L,BULWB
SLU8KH RG M,BULWB
SLU8KH RG S,BULWB
SLU8KH RG XL,BULWB
SLU8KH RG XXL,BULWB
SLU8LB LN L,BULWB
SLU8LB LN XL,BULWB
SLU8LB LN XXL,BULWB
SLU8LB RG 3XL,BULWB
SLU8LB RG L,BULWB
SLU8LB RG M,BULWB
SLU8LB RG S,BULWB
SLU8LB RG XL,BULWB
SLU8LB RG XXL,BULWB
SLU8NV LN L,BULWB
SLU8NV LN XL,BULWB
SLU8NV LN XXL,BULWB
SLU8NV RG 3XL,BULWB
SLU8NV RG L,BULWB
SLU8NV RG M,BULWB
SLU8NV RG S,BULWB
SLU8NV RG XL,BULWB
SLU8NV RG XXL,BULWB
SLW2KH LN 3XL,BULWB
SLW2KH LN L,BULWB
SLW2KH LN M,BULWB
SLW2KH LN XL,BULWB
SLW2KH LN XXL,BULWB
SLW2KH RG 3XL,BULWB
SLW2KH RG L,BULWB
SLW2KH RG M,BULWB
SLW2KH RG S,BULWB
SLW2KH RG XL,BULWB
SLW2KH RG XXL,BULWB
SLW2LB LN 3XL,BULWB
SLW2LB LN L,BULWB
SLW2LB LN M,BULWB
SLW2LB LN XL,BULWB
SLW2LB LN XXL,BULWB
SLW2LB RG 3XL,BULWB
SLW2LB RG L,BULWB
SLW2LB RG M,BULWB
SLW2LB RG XL,BULWB
SLW2LB RG XXL,BULWB
SLW2NV LN 3XL,BULWB
SLW2NV LN L,BULWB
SLW2NV LN M,BULWB
SLW2NV LN XL,BULWB
SLW2NV LN XXL,BULWB
SLW2NV RG 3XL,BULWB
SLW2NV RG L,BULWB
SLW2NV RG M,BULWB
SLW2NV RG S,BULWB
SLW2NV RG XL,BULWB
SLW2NV RG XXL,BULWB
SMH2NV LN 3XL,BULWB
SMH2NV LN L,BULWB
SMH2NV LN M,BULWB
SMH2NV LN XL,BULWB
SMH2NV LN XXL,BULWB
SMH2NV RG 3XL,BULWB
SMH2NV RG L,BULWB
SMH2NV RG M,BULWB
SMH2NV RG S,BULWB
SMH2NV RG XL,BULWB
SMH2NV RG XXL,BULWB
SMH6NV LN 3XL,BULWB
SMH6NV LN L,BULWB
SMH6NV LN M,BULWB
SMH6NV LN XL,BULWB
SMH6NV LN XXL,BULWB
SMH6NV RG 3XL,BULWB
SMH6NV RG L,BULWB
SMH6NV RG M,BULWB
SMH6NV RG S,BULWB
SMH6NV RG XL,BULWB
SMH6NV RG XXL,BULWB
SMT4NV RG 3XL,BULWB
SMT4NV RG 4XL,BULWB
SMT4NV RG 5XL,BULWB
SMT4NV RG L,BULWB
SMT4NV RG M,BULWB
SMT4NV RG S,BULWB
SMT4NV RG XL,BULWB
SMT4NV RG XXL,BULWB
SMU2KH LN L,BULWB
SMU2KH LN M,BULWB
SMU2KH LN XL,BULWB
SMU2KH LN XXL,BULWB
SMU2KH RG 3XL,BULWB
SMU2KH RG L,BULWB
SMU2KH RG M,BULWB
SMU2KH RG S,BULWB
SMU2KH RG XL,BULWB
SMU2KH RG XXL,BULWB
SMU2LB LN L,BULWB
SMU2LB LN M,BULWB
SMU2LB LN XL,BULWB
SMU2LB LN XXL,BULWB
SMU2LB RG 3XL,BULWB
SMU2LB RG L,BULWB
SMU2LB RG M,BULWB
SMU2LB RG S,BULWB
SMU2LB RG XL,BULWB
SMU2LB RG XXL,BULWB
SMU2NV LN L,BULWB
SMU2NV LN M,BULWB
SMU2NV LN XL,BULWB
SMU2NV LN XXL,BULWB
SMU2NV RG 3XL,BULWB
SMU2NV RG L,BULWB
SMU2NV RG M,BULWB
SMU2NV RG S,BULWB
SMU2NV RG XL,BULWB
SMU2NV RG XXL,BULWB
SMU3LB RG L,BULWB
SMU3LB RG M,BULWB
SMU3LB RG S,BULWB
SMU3LB RG XL,BULWB
SMU4GY LN L,BULWB
SMU4GY LN XL,BULWB
SMU4GY LN XXL,BULWB
SMU4GY RG 3XL,BULWB
SMU4GY RG L,BULWB
SMU4GY RG M,BULWB
SMU4GY RG S,BULWB
SMU4GY RG XL,BULWB
SMU4GY RG XXL,BULWB
SMU4KH LN L,BULWB
SMU4KH LN XL,BULWB
SMU4KH LN XXL,BULWB
SMU4KH RG 3XL,BULWB
SMU4KH RG L,BULWB
SMU4KH RG M,BULWB
SMU4KH RG S,BULWB
SMU4KH RG XL,BULWB
SMU4KH RG XXL,BULWB
SMU4LB LN L,BULWB
SMU4LB LN XL,BULWB
SMU4LB LN XXL,BULWB
SMU4LB RG 3XL,BULWB
SMU4LB RG L,BULWB
SMU4LB RG M,BULWB
SMU4LB RG S,BULWB
SMU4LB RG XL,BULWB
SMU4LB RG XXL,BULWB
SMW4HV LN 3XL,BULWB
SMW4HV LN L,BULWB
SMW4HV LN M,BULWB
SMW4HV LN XL,BULWB
SMW4HV LN XXL,BULWB
SMW4HV RG 3XL,BULWB
SMW4HV RG L,BULWB
SMW4HV RG M,BULWB
SMW4HV RG XL,BULWB
SMW4HV RG XXL,BULWB
SMZ6NV RG 3XL,BULWB
SMZ6NV RG 4XL,BULWB
SMZ6NV RG 5XL,BULWB
SMZ6NV RG L,BULWB
SMZ6NV RG M,BULWB
SMZ6NV RG S,BULWB
SMZ6NV RG XXL,BULWB
SND2GB LN L,BULWB
SND2GB LN M,BULWB
SND2GB LN XL,BULWB
SND2GB LN XXL,BULWB
SND2GB RG 3XL,BULWB
SND2GB RG L,BULWB
SND2GB RG M,BULWB
SND2GB RG S,BULWB
SND2GB RG XL,BULWB
SND2GB RG XXL,BULWB
SND2NV LN L,BULWB
SND2NV LN M,BULWB
SND2NV LN XL,BULWB
SND2NV LN XXL,BULWB
SND2NV RG 3XL,BULWB
SND2NV RG L,BULWB
SND2NV RG M,BULWB
SND2NV RG S,BULWB
SND2NV RG XL,BULWB
SND2NV RG XXL,BULWB
SND2RB LN L,BULWB
SND2RB LN M,BULWB
SND2RB LN XL,BULWB
SND2RB LN XXL,BULWB
SND2RB RG 3XL,BULWB
SND2RB RG L,BULWB
SND2RB RG M,BULWB
SND2RB RG S,BULWB
SND2RB RG XL,BULWB
SND2RB RG XXL,BULWB
SND2TN LN L,BULWB
SND2TN LN M,BULWB
SND2TN LN XL,BULWB
SND2TN LN XXL,BULWB
SND2TN RG 3XL,BULWB
SND2TN RG L,BULWB
SND2TN RG M,BULWB
SND2TN RG S,BULWB
SND2TN RG XL,BULWB
SND2TN RG XXL,BULWB
SNS2RB LN L,BULWB
SNS2RB LN M,BULWB
SNS2RB LN XL,BULWB
SNS2RB LN XXL,BULWB
SNS2RB RG 3XL,BULWB
SNS2RB RG L,BULWB
SNS2RB RG M,BULWB
SNS2RB RG S,BULWB
SNS2RB RG XL,BULWB
SNS2RB RG XXL,BULWB
SNS2TN LN L,BULWB
SNS2TN LN M,BULWB
SNS2TN LN XL,BULWB
SNS2TN LN XXL,BULWB
SNS2TN RG 3XL,BULWB
SNS2TN RG L,BULWB
SNS2TN RG M,BULWB
SNS2TN RG S,BULWB
SNS2TN RG XL,BULWB
SNS2TN RG XXL,BULWB
SNS6RB LN L,BULWB
SNS6RB LN M,BULWB
SNS6RB LN XL,BULWB
SNS6RB LN XXL,BULWB
SNS6RB RG 3XL,BULWB
SNS6RB RG L,BULWB
SNS6RB RG M,BULWB
SNS6RB RG S,BULWB
SNS6RB RG XL,BULWB
SNS6RB RG XXL,BULWB
SP04,CHEXJ
SP06,CHEXJ
SP08,CHEXJ
SP10,REDUP
SP10GI,REDUP
SP10GK,REDUP
SP10GW,REDUP
SP10IC,REDUP
SP13,REDVH
SP13P,REDVH
SP14,REDUP
SP14EG,REDUP
SP14EN,REDUP
SP14ON,REDUP
SP15,REDVH
SP15P,REDVH
SP16LA,REDUP
SP16LB,REDUP
SP16LT,REDUP
SP16NV,REDUP
SP16WH,REDUP
SP18,REDUP
SP20,REDUP
SP20GI,REDUP
SP20GK,REDUP
SP20IC,REDUP
SP23,REDVH
SP23P,REDVH
SP24,REDUP
SP25,REDVH
SP25P,REDVH
SP26LA,REDUP
SP26LB,REDUP
SP26LT,REDUP
SP26NV,REDUP
SP26WH,REDUP
SP28,REDUP
SP35,REDUP
SP36,HORCK
SP36BT,HORCK
SP46,HORCK
SP46BT,HORCK
SP50CW,REDUP
SP50LA,REDUP
SP50LT,REDUP
SP50MB,REDUP
SP50WH,REDUP
SP56,HORCK
SP56BT,HORCK
SP60CW,REDUP
SP60LA,REDUP
SP60LT,REDUP
SP60MB,REDUP
SP60WH,REDUP
SP65,REDVH
SP65P,REDVH
SP66,HORCK
SP66BT,HORCK
SP74,REDUP
SP80,REDUP
SP81,REDVH
SP81P,REDVH
SP84,REDUP
SP90BK,REDUP
SP90BY,REDUP
SP90KH,REDUP
SP90LB,REDUP
SP90NV,REDUP
SP90RB,REDUP
SP90RD,REDUP
SP90SV,REDUP
SP90WH,REDUP
SP91,REDVH
SP91P,REDVH
SR60,REDUP
SR60FB,REDUP
SR61,REDVH
SR61P,REDVH
SR65,REDVH
SR65P,REDVH
SR71,REDVH
SR71P,REDVH
SR75,REDVH
SR75P,REDVH
SS14,REDUP
SS14OR,REDUP
SS14YE,REDUP
SS16WH,REDUP
SS24,REDUP
SS24OR,REDUP
SS24YE,REDUP
SS26MB,REDUP
SS26WH,REDUP
SS36LB,REDUP
SS36WH,REDUP
SS46LB,REDUP
SS46WH,REDUP
ST52,REDUP
ST62,REDUP
SWW2,BULWB
SY10,REDUP
SY10CG,REDUP
SY20,REDUP
SY50,REDUP
SY60,REDUP
TP11,REDVH
TP11P,REDVH
TP23,REDVH
TP23P,REDVH
TP27,REDVH
TP27P,REDVH
TP31,REDVH
TP31P,REDVH
TP61,CHEXJ
TT34,CHEXJ
TT38,CHEXJ
VD22,REDUP
VMV8HV RG 3XL,BULWB
VMV8HV RG 5XL,BULWB
VMV8HV RG M,BULWB
VMV8HV RG XL,BULWB
VT22,REDUP
WJ40,WRANI
WP10,REDUP
WP18LB,REDUP
WP18NV,REDUP
WP18WH,REDUP
WP70,WRANI
WP80,WRANI
WP82,WRANI
WP90,WRANI
WP92,WRANI
WS10,WRANI
WS20,WRANI
WS50,REDUP
WT50,REDUP